name,label
angelinus,0
angelinus,0
angelinus,0
angelinus,0
angelinus,0
angelinus,0
angelinus,0
angelinus,0
angelinus,0
angelinus,0
angelinus,0
angelinus,0
angelinus,0
angelinus,0
angelinus,0
angelinus,0
angelinus,0
angelinus,0
angelinus,0
angelinus,0
angelinus,0
angelinus,0
angelinus,0
angelinus,0
angelinus,0
angelinus,0
angelinus,0
angelinus,0
angelinus,0
angelinus,0
angelinus,0
angelinus,0
angelinus,0
angelinus,0
angelinus,0
angelinus,0
angelinus,0
angelinus,0
angelinus,0
angelinus,0
angelinus,0
angelinus,0
angelinus,0
angelinus,0
angelinus,0
angelinus,0
angelinus,0
angelinus,0
angelinus,0
angelinus,0
angelinus,0
angelinus,0
angelinus,0
angelinus,0
angelinus,0
angelinus,0
angelinus,0
angelinus,0
angelinus,0
angelinus,0
angelinus,0
angelinus,0
angelinus,0
angelinus,0
angelinus,0
angelinus,0
angelinus,0
angelinus,0
angelinus,0
angelinus,0
angelinus,0
angelinus,0
angelinus,0
angelinus,0
angelinus,0
angelinus,0
angelinus,0
angelinus,0
angelinus,0
angelinus,0
angelinus,0
angelinus,0
angelinus,0
angelinus,0
angelinus,0
angelinus,0
angelinus,0
angelinus,0
angelinus,0
angelinus,0
angelinus,0
angelinus,0
angelinus,0
angelinus,0
angelinus,0
angelinus,0
angelinus,0
angelinus,0
angelinus,0
angelinus,0
angelinus,0
angelinus,0
angelinus,0
angelinus,0
angelinus,0
angelinus,0
angelinus,0
angelinus,0
angelinus,0
angelinus,0
angelinus,0
angelinus,0
angelinus,0
angelinus,0
angelinus,0
angelinus,0
angelinus,0
angelinus,0
angelinus,0
angelinus,0
angelinus,0
angelinus,0
angelinus,0
angelinus,0
angelinus,0
angelinus,0
angelinus,0
angelinus,0
angelinus,0
angelinus,0
angelinus,0
angelinus,0
angelinus,0
angelinus,0
angelinus,0
angelinus,0
angelinus,0
angelinus,0
angelinus,0
angelinus,0
angelinus,0
angelinus,0
angelinus,0
angelinus,0
angelinus,0
angelinus,0
angelinus,0
angelinus,0
angelinus,0
angelinus,0
angelinus,0
angelinus,0
angelinus,0
angelinus,0
angelinus,0
angelinus,0
angelinus,0
angelinus,0
angelinus,0
angelinus,0
angelinus,0
angelinus,0
angelinus,0
angelinus,0
angelinus,0
angelinus,0
angelinus,0
angelinus,0
angelinus,0
angelinus,0
angelinus,0
angelinus,0
angelinus,0
angelinus,0
angelinus,0
angelinus,0
angelinus,0
angelinus,0
angelinus,0
angelinus,0
angelinus,0
angelinus,0
angelinus,0
angelinus,0
angelinus,0
angelinus,0
angelinus,0
angelinus,0
angelinus,0
angelinus,0
angelinus,0
angelinus,0
angelinus,0
angelinus,0
angelinus,0
angelinus,0
angelinus,0
angelinus,0
angelinus,0
angelinus,0
angelinus,0
angelinus,0
angelinus,0
angelinus,0
angelinus,0
angelinus,0
angelinus,0
angelinus,0
angelinus,0
angelinus,0
angelinus,0
angelinus,0
angelinus,0
angelinus,0
angelinus,0
angelinus,0
angelinus,0
angelinus,0
angelinus,0
angelinus,0
angelinus,0
angelinus,0
angelinus,0
angelinus,0
angelinus,0
angelinus,0
angelinus,0
angelinus,0
angelinus,0
angelinus,0
angelinus,0
angelinus,0
angelinus,0
angelinus,0
angelinus,0
angelinus,0
angelinus,0
angelinus,0
angelinus,0
angelinus,0
angelinus,0
angelinus,0
angelinus,0
angelinus,0
angelinus,0
angelinus,0
angelinus,0
angelinus,0
angelinus,0
angelinus,0
angelinus,0
angelinus,0
angelinus,0
angelinus,0
angelinus,0
angelinus,0
angelinus,0
angelinus,0
angelinus,0
angelinus,0
angelinus,0
angelinus,0
angelinus,0
angelinus,0
angelinus,0
angelinus,0
angelinus,0
angelinus,0
angelinus,0
angelinus,0
angelinus,0
angelinus,0
banolim,1
banolim,1
banolim,1
banolim,1
banolim,1
banolim,1
banolim,1
banolim,1
banolim,1
banolim,1
banolim,1
banolim,1
banolim,1
banolim,1
banolim,1
banolim,1
banolim,1
banolim,1
banolim,1
banolim,1
banolim,1
banolim,1
banolim,1
banolim,1
banolim,1
banolim,1
banolim,1
banolim,1
banolim,1
banolim,1
banolim,1
banolim,1
banolim,1
banolim,1
banolim,1
banolim,1
banolim,1
banolim,1
banolim,1
banolim,1
banolim,1
banolim,1
banolim,1
banolim,1
banolim,1
banolim,1
banolim,1
banolim,1
banolim,1
banolim,1
banolim,1
banolim,1
banolim,1
banolim,1
banolim,1
banolim,1
banolim,1
banolim,1
banolim,1
banolim,1
banolim,1
banolim,1
banolim,1
banolim,1
banolim,1
banolim,1
banolim,1
banolim,1
banolim,1
banolim,1
banolim,1
banolim,1
banolim,1
banolim,1
banolim,1
banolim,1
banolim,1
banolim,1
banolim,1
banolim,1
banolim,1
banolim,1
banolim,1
banolim,1
banolim,1
banolim,1
banolim,1
banolim,1
banolim,1
banolim,1
banolim,1
banolim,1
banolim,1
banolim,1
banolim,1
banolim,1
banolim,1
banolim,1
banolim,1
banolim,1
banolim,1
banolim,1
banolim,1
banolim,1
bbackdabang,2
bbackdabang,2
bbackdabang,2
bbackdabang,2
bbackdabang,2
bbackdabang,2
bbackdabang,2
bbackdabang,2
bbackdabang,2
bbackdabang,2
bbackdabang,2
bbackdabang,2
bbackdabang,2
bbackdabang,2
bbackdabang,2
bbackdabang,2
bbackdabang,2
bbackdabang,2
bbackdabang,2
bbackdabang,2
bbackdabang,2
bbackdabang,2
bbackdabang,2
bbackdabang,2
bbackdabang,2
bbackdabang,2
bbackdabang,2
bbackdabang,2
bbackdabang,2
bbackdabang,2
bbackdabang,2
bbackdabang,2
bbackdabang,2
bbackdabang,2
bbackdabang,2
bbackdabang,2
bbackdabang,2
bbackdabang,2
bbackdabang,2
bbackdabang,2
bbackdabang,2
bbackdabang,2
bbackdabang,2
bbackdabang,2
bbackdabang,2
bbackdabang,2
bbackdabang,2
bbackdabang,2
bbackdabang,2
bbackdabang,2
bbackdabang,2
bbackdabang,2
bbackdabang,2
bbackdabang,2
bbackdabang,2
bbackdabang,2
bbackdabang,2
bbackdabang,2
bbackdabang,2
bbackdabang,2
bbackdabang,2
bbackdabang,2
bbackdabang,2
bbackdabang,2
bbackdabang,2
bbackdabang,2
bbackdabang,2
bbackdabang,2
bbackdabang,2
bbackdabang,2
bbackdabang,2
bbackdabang,2
bbackdabang,2
bbackdabang,2
bbackdabang,2
bbackdabang,2
bbackdabang,2
bbackdabang,2
bbackdabang,2
bbackdabang,2
bbackdabang,2
bbackdabang,2
bbackdabang,2
bbackdabang,2
bbackdabang,2
bbackdabang,2
bbackdabang,2
bbackdabang,2
bbackdabang,2
bbackdabang,2
bbackdabang,2
bbackdabang,2
bbackdabang,2
bbackdabang,2
bbackdabang,2
bbackdabang,2
bbackdabang,2
bbackdabang,2
bbackdabang,2
bbackdabang,2
bbackdabang,2
bbackdabang,2
bbackdabang,2
bbackdabang,2
bbackdabang,2
bbackdabang,2
bbackdabang,2
bbackdabang,2
bbackdabang,2
bbackdabang,2
bbackdabang,2
bbackdabang,2
bbackdabang,2
bbackdabang,2
bbackdabang,2
bbackdabang,2
bbackdabang,2
bbackdabang,2
bbackdabang,2
bbackdabang,2
bbackdabang,2
bbackdabang,2
bbackdabang,2
bbackdabang,2
bbackdabang,2
bbackdabang,2
bbackdabang,2
bbackdabang,2
bbackdabang,2
bbackdabang,2
bbackdabang,2
bbackdabang,2
bbackdabang,2
bbackdabang,2
bbackdabang,2
bbackdabang,2
bbackdabang,2
bbackdabang,2
bbackdabang,2
bbackdabang,2
bbackdabang,2
bbackdabang,2
bbackdabang,2
bbackdabang,2
benz,3
benz,3
benz,3
benz,3
benz,3
benz,3
benz,3
benz,3
benz,3
benz,3
benz,3
benz,3
benz,3
benz,3
benz,3
benz,3
benz,3
benz,3
benz,3
benz,3
benz,3
benz,3
benz,3
benz,3
benz,3
benz,3
benz,3
benz,3
benz,3
benz,3
benz,3
benz,3
benz,3
benz,3
benz,3
benz,3
benz,3
benz,3
benz,3
benz,3
benz,3
benz,3
benz,3
benz,3
benz,3
benz,3
benz,3
benz,3
benz,3
benz,3
benz,3
benz,3
benz,3
benz,3
benz,3
benz,3
benz,3
benz,3
benz,3
benz,3
benz,3
benz,3
benz,3
benz,3
benz,3
benz,3
benz,3
benz,3
benz,3
benz,3
benz,3
benz,3
benz,3
benz,3
benz,3
benz,3
benz,3
benz,3
benz,3
benz,3
benz,3
benz,3
benz,3
benz,3
benz,3
benz,3
benz,3
benz,3
benz,3
benz,3
benz,3
benz,3
benz,3
benz,3
benz,3
benz,3
benz,3
benz,3
benz,3
benz,3
benz,3
benz,3
benz,3
benz,3
benz,3
benz,3
benz,3
benz,3
benz,3
benz,3
benz,3
benz,3
benz,3
benz,3
benz,3
benz,3
benz,3
benz,3
benz,3
benz,3
benz,3
benz,3
benz,3
benz,3
benz,3
benz,3
benz,3
benz,3
benz,3
benz,3
benz,3
benz,3
benz,3
benz,3
benz,3
benz,3
benz,3
benz,3
benz,3
benz,3
benz,3
benz,3
benz,3
benz,3
benz,3
benz,3
benz,3
benz,3
benz,3
benz,3
benz,3
benz,3
benz,3
benz,3
benz,3
benz,3
benz,3
benz,3
benz,3
benz,3
bmw,4
bmw,4
bmw,4
bmw,4
bmw,4
bmw,4
bmw,4
bmw,4
bmw,4
bmw,4
bmw,4
bmw,4
bmw,4
bmw,4
bmw,4
bmw,4
bmw,4
bmw,4
bmw,4
bmw,4
bmw,4
bmw,4
bmw,4
bmw,4
bmw,4
bmw,4
bmw,4
bmw,4
bmw,4
bmw,4
bmw,4
bmw,4
bmw,4
bmw,4
bmw,4
bmw,4
bmw,4
bmw,4
bmw,4
bmw,4
bmw,4
bmw,4
bmw,4
bmw,4
bmw,4
bmw,4
bmw,4
bmw,4
bmw,4
bmw,4
bmw,4
bmw,4
bmw,4
bmw,4
bmw,4
bmw,4
bmw,4
bmw,4
bmw,4
bmw,4
bmw,4
bmw,4
bmw,4
bmw,4
bmw,4
bmw,4
bmw,4
bmw,4
bmw,4
bmw,4
bmw,4
bmw,4
bmw,4
bmw,4
bmw,4
bmw,4
bmw,4
bmw,4
bmw,4
bmw,4
bmw,4
bmw,4
bmw,4
bmw,4
bmw,4
bmw,4
bmw,4
bmw,4
bmw,4
bmw,4
bmw,4
bmw,4
bmw,4
bmw,4
bmw,4
bmw,4
bmw,4
bmw,4
bmw,4
bmw,4
bmw,4
bmw,4
bmw,4
bmw,4
bmw,4
bmw,4
bmw,4
bmw,4
bmw,4
bmw,4
bmw,4
bmw,4
bmw,4
bmw,4
bmw,4
bmw,4
bmw,4
bmw,4
bmw,4
bmw,4
bmw,4
bmw,4
bmw,4
bmw,4
bmw,4
bmw,4
bmw,4
bmw,4
bmw,4
bmw,4
bmw,4
bmw,4
bmw,4
bmw,4
bmw,4
bmw,4
bmw,4
bmw,4
bmw,4
bmw,4
bmw,4
bmw,4
bmw,4
bmw,4
bmw,4
bmw,4
bmw,4
bmw,4
bmw,4
bmw,4
bmw,4
bmw,4
bmw,4
bmw,4
bmw,4
bmw,4
bmw,4
bmw,4
bmw,4
bmw,4
crown,5
crown,5
crown,5
crown,5
crown,5
crown,5
crown,5
crown,5
crown,5
crown,5
crown,5
crown,5
crown,5
crown,5
crown,5
crown,5
crown,5
crown,5
crown,5
crown,5
crown,5
crown,5
crown,5
crown,5
crown,5
crown,5
crown,5
crown,5
crown,5
crown,5
crown,5
crown,5
crown,5
crown,5
crown,5
crown,5
crown,5
crown,5
crown,5
crown,5
crown,5
crown,5
crown,5
crown,5
crown,5
crown,5
crown,5
crown,5
crown,5
crown,5
crown,5
crown,5
crown,5
crown,5
crown,5
crown,5
crown,5
crown,5
crown,5
crown,5
crown,5
crown,5
crown,5
crown,5
crown,5
crown,5
crown,5
crown,5
crown,5
crown,5
crown,5
crown,5
crown,5
crown,5
crown,5
crown,5
crown,5
crown,5
crown,5
crown,5
cw,6
cw,6
cw,6
cw,6
cw,6
cw,6
cw,6
cw,6
cw,6
cw,6
cw,6
cw,6
cw,6
cw,6
cw,6
cw,6
cw,6
cw,6
cw,6
cw,6
cw,6
cw,6
cw,6
cw,6
cw,6
cw,6
cw,6
cw,6
cw,6
cw,6
cw,6
cw,6
cw,6
cw,6
cw,6
cw,6
cw,6
cw,6
cw,6
cw,6
cw,6
cw,6
cw,6
cw,6
cw,6
cw,6
cw,6
cw,6
cw,6
cw,6
cw,6
cw,6
cw,6
cw,6
cw,6
cw,6
cw,6
cw,6
cw,6
cw,6
cw,6
cw,6
cw,6
cw,6
cw,6
cw,6
cw,6
cw,6
cw,6
cw,6
cw,6
cw,6
cw,6
cw,6
cw,6
cw,6
cw,6
cw,6
cw,6
cw,6
cw,6
cw,6
cw,6
cw,6
cw,6
cw,6
cw,6
cw,6
cw,6
cw,6
cw,6
cw,6
cw,6
cw,6
cw,6
cw,6
cw,6
cw,6
cw,6
cw,6
cw,6
cw,6
cw,6
cw,6
debec,7
debec,7
debec,7
debec,7
debec,7
debec,7
debec,7
debec,7
debec,7
debec,7
debec,7
debec,7
debec,7
debec,7
debec,7
debec,7
debec,7
debec,7
debec,7
debec,7
debec,7
debec,7
debec,7
debec,7
debec,7
debec,7
debec,7
debec,7
debec,7
debec,7
debec,7
debec,7
debec,7
debec,7
debec,7
debec,7
debec,7
debec,7
debec,7
debec,7
debec,7
debec,7
debec,7
debec,7
debec,7
debec,7
debec,7
debec,7
debec,7
debec,7
debec,7
debec,7
debec,7
debec,7
debec,7
debec,7
debec,7
debec,7
debec,7
debec,7
debec,7
debec,7
debec,7
debec,7
debec,7
debec,7
debec,7
debec,7
debec,7
debec,7
debec,7
debec,7
debec,7
debec,7
debec,7
debec,7
debec,7
debec,7
debec,7
debec,7
debec,7
debec,7
debec,7
debec,7
debec,7
debec,7
debec,7
debec,7
debec,7
debec,7
debec,7
debec,7
debec,7
debec,7
debec,7
debec,7
debec,7
debec,7
debec,7
debec,7
debec,7
debec,7
debec,7
debec,7
debec,7
debec,7
debec,7
debec,7
debec,7
debec,7
debec,7
debec,7
debec,7
debec,7
debec,7
debec,7
debec,7
debec,7
debec,7
debec,7
debec,7
debec,7
debec,7
debec,7
debec,7
debec,7
debec,7
debec,7
debec,7
debec,7
debec,7
debec,7
debec,7
debec,7
debec,7
debec,7
debec,7
debec,7
debec,7
debec,7
debec,7
debec,7
debec,7
debec,7
debec,7
debec,7
debec,7
debec,7
debec,7
debec,7
debec,7
debec,7
debec,7
debec,7
debec,7
debec,7
debec,7
debec,7
debec,7
debec,7
debec,7
debec,7
debec,7
debec,7
debec,7
debec,7
debec,7
debec,7
debec,7
debec,7
debec,7
debec,7
debec,7
debec,7
debec,7
debec,7
domino,8
domino,8
domino,8
domino,8
domino,8
domino,8
domino,8
domino,8
domino,8
domino,8
domino,8
domino,8
domino,8
domino,8
domino,8
domino,8
domino,8
domino,8
domino,8
domino,8
domino,8
domino,8
domino,8
domino,8
domino,8
domino,8
domino,8
domino,8
domino,8
domino,8
domino,8
domino,8
domino,8
domino,8
domino,8
domino,8
domino,8
domino,8
domino,8
domino,8
domino,8
domino,8
domino,8
domino,8
domino,8
domino,8
domino,8
domino,8
domino,8
domino,8
domino,8
domino,8
domino,8
domino,8
domino,8
domino,8
domino,8
domino,8
domino,8
domino,8
domino,8
domino,8
domino,8
domino,8
domino,8
domino,8
domino,8
domino,8
domino,8
domino,8
domino,8
domino,8
domino,8
domino,8
domino,8
domino,8
domino,8
domino,8
domino,8
domino,8
domino,8
domino,8
domino,8
domino,8
domino,8
domino,8
domino,8
domino,8
domino,8
domino,8
domino,8
domino,8
domino,8
domino,8
domino,8
domino,8
domino,8
domino,8
domino,8
domino,8
domino,8
domino,8
domino,8
domino,8
domino,8
domino,8
domino,8
domino,8
domino,8
domino,8
domino,8
domino,8
domino,8
domino,8
domino,8
domino,8
domino,8
domino,8
domino,8
domino,8
domino,8
domino,8
domino,8
domino,8
domino,8
domino,8
domino,8
domino,8
domino,8
domino,8
domino,8
domino,8
domino,8
domino,8
domino,8
domino,8
domino,8
domino,8
domino,8
domino,8
domino,8
domino,8
domino,8
domino,8
domino,8
domino,8
domino,8
domino,8
domino,8
domino,8
domino,8
domino,8
domino,8
domino,8
domino,8
domino,8
domino,8
domino,8
domino,8
domino,8
ediya,9
ediya,9
ediya,9
ediya,9
ediya,9
ediya,9
ediya,9
ediya,9
ediya,9
ediya,9
ediya,9
ediya,9
ediya,9
ediya,9
ediya,9
ediya,9
ediya,9
ediya,9
ediya,9
ediya,9
ediya,9
ediya,9
ediya,9
ediya,9
ediya,9
ediya,9
ediya,9
ediya,9
ediya,9
ediya,9
ediya,9
ediya,9
ediya,9
ediya,9
ediya,9
ediya,9
ediya,9
ediya,9
ediya,9
ediya,9
ediya,9
ediya,9
ediya,9
ediya,9
ediya,9
ediya,9
ediya,9
ediya,9
ediya,9
ediya,9
ediya,9
ediya,9
ediya,9
ediya,9
ediya,9
ediya,9
ediya,9
ediya,9
ediya,9
ediya,9
ediya,9
ediya,9
ediya,9
ediya,9
ediya,9
ediya,9
ediya,9
ediya,9
ediya,9
ediya,9
ediya,9
ediya,9
ediya,9
ediya,9
ediya,9
ediya,9
ediya,9
ediya,9
ediya,9
ediya,9
ediya,9
ediya,9
ediya,9
ediya,9
ediya,9
ediya,9
ediya,9
ediya,9
ediya,9
ediya,9
ediya,9
ediya,9
ediya,9
ediya,9
ediya,9
ediya,9
ediya,9
ediya,9
ediya,9
ediya,9
ediya,9
ediya,9
ediya,9
ediya,9
ediya,9
ediya,9
ediya,9
ediya,9
ediya,9
ediya,9
ediya,9
ediya,9
ediya,9
ediya,9
ediya,9
ediya,9
ediya,9
ediya,9
ediya,9
ediya,9
ediya,9
ediya,9
ediya,9
ediya,9
ediya,9
ediya,9
ediya,9
ediya,9
ediya,9
ediya,9
ediya,9
ediya,9
ediya,9
ediya,9
ediya,9
ediya,9
ediya,9
ediya,9
ediya,9
ediya,9
ediya,9
ediya,9
ediya,9
ediya,9
ediya,9
ediya,9
ediya,9
ediya,9
ediya,9
ediya,9
ediya,9
ediya,9
ediya,9
ediya,9
ediya,9
ediya,9
ediya,9
ediya,9
ediya,9
ediya,9
ediya,9
ediya,9
ediya,9
ediya,9
ediya,9
ediya,9
ediya,9
ediya,9
ediya,9
ediya,9
ediya,9
ediya,9
ediya,9
ediya,9
ediya,9
ediya,9
ediya,9
ediya,9
ediya,9
ediya,9
ediya,9
ediya,9
ediya,9
ediya,9
ediya,9
ediya,9
ediya,9
ediya,9
ediya,9
ediya,9
ediya,9
ediya,9
ediya,9
ediya,9
ediya,9
ediya,9
ediya,9
ediya,9
ediya,9
ediya,9
ediya,9
ediya,9
ediya,9
ediya,9
ediya,9
ediya,9
ediya,9
ediya,9
ediya,9
ediya,9
ediya,9
ediya,9
ediya,9
ediya,9
ediya,9
ediya,9
ediya,9
ediya,9
ediya,9
ediya,9
ediya,9
ediya,9
ediya,9
ediya,9
ediya,9
ediya,9
ediya,9
ediya,9
ediya,9
ediya,9
ediya,9
ediya,9
ediya,9
ediya,9
ediya,9
ediya,9
ediya,9
ediya,9
ediya,9
ediya,9
ediya,9
ediya,9
ediya,9
ediya,9
ediya,9
ediya,9
ediya,9
ediya,9
ediya,9
ediya,9
ediya,9
ediya,9
ediya,9
ediya,9
ediya,9
ediya,9
ediya,9
ediya,9
ediya,9
ediya,9
ediya,9
ediya,9
ediya,9
ediya,9
ediya,9
ediya,9
ediya,9
ediya,9
ediya,9
ediya,9
ediya,9
ediya,9
galleria,10
galleria,10
galleria,10
galleria,10
galleria,10
galleria,10
galleria,10
galleria,10
galleria,10
galleria,10
galleria,10
galleria,10
galleria,10
galleria,10
galleria,10
galleria,10
galleria,10
galleria,10
galleria,10
galleria,10
galleria,10
galleria,10
galleria,10
galleria,10
galleria,10
galleria,10
galleria,10
galleria,10
galleria,10
galleria,10
galleria,10
galleria,10
galleria,10
galleria,10
galleria,10
galleria,10
galleria,10
galleria,10
galleria,10
galleria,10
galleria,10
galleria,10
galleria,10
galleria,10
galleria,10
galleria,10
galleria,10
galleria,10
galleria,10
galleria,10
galleria,10
galleria,10
galleria,10
galleria,10
galleria,10
galleria,10
galleria,10
galleria,10
galleria,10
galleria,10
galleria,10
galleria,10
galleria,10
galleria,10
galleria,10
galleria,10
galleria,10
galleria,10
galleria,10
galleria,10
galleria,10
galleria,10
galleria,10
galleria,10
galleria,10
galleria,10
galleria,10
galleria,10
galleria,10
galleria,10
galleria,10
galleria,10
galleria,10
galleria,10
galleria,10
galleria,10
galleria,10
galleria,10
galleria,10
galleria,10
galleria,10
galleria,10
galleria,10
galleria,10
galleria,10
galleria,10
galleria,10
galleria,10
galleria,10
galleria,10
galleria,10
galleria,10
galleria,10
galleria,10
galleria,10
galleria,10
galleria,10
galleria,10
galleria,10
galleria,10
galleria,10
galleria,10
galleria,10
galleria,10
galleria,10
galleria,10
galleria,10
galleria,10
galleria,10
galleria,10
galleria,10
galleria,10
galleria,10
galleria,10
galleria,10
galleria,10
galleria,10
galleria,10
galleria,10
galleria,10
galleria,10
galleria,10
galleria,10
galleria,10
galleria,10
galleria,10
galleria,10
galleria,10
galleria,10
galleria,10
galleria,10
galleria,10
galleria,10
galleria,10
galleria,10
galleria,10
galleria,10
galleria,10
galleria,10
galleria,10
galleria,10
galleria,10
galleria,10
galleria,10
galleria,10
galleria,10
galleria,10
galleria,10
galleria,10
galleria,10
haitai,11
haitai,11
haitai,11
haitai,11
haitai,11
haitai,11
haitai,11
haitai,11
haitai,11
haitai,11
haitai,11
haitai,11
haitai,11
haitai,11
haitai,11
haitai,11
haitai,11
haitai,11
haitai,11
haitai,11
haitai,11
haitai,11
haitai,11
haitai,11
haitai,11
haitai,11
haitai,11
haitai,11
haitai,11
haitai,11
haitai,11
haitai,11
haitai,11
haitai,11
haitai,11
haitai,11
haitai,11
haitai,11
haitai,11
haitai,11
haitai,11
haitai,11
haitai,11
haitai,11
haitai,11
haitai,11
haitai,11
haitai,11
haitai,11
haitai,11
haitai,11
haitai,11
haitai,11
haitai,11
haitai,11
haitai,11
haitai,11
haitai,11
haitai,11
haitai,11
haitai,11
haitai,11
haitai,11
haitai,11
haitai,11
haitai,11
haitai,11
haitai,11
haitai,11
haitai,11
haitai,11
haitai,11
haitai,11
haitai,11
haitai,11
haitai,11
haitai,11
haitai,11
haitai,11
haitai,11
haitai,11
haitai,11
haitai,11
haitai,11
haitai,11
haitai,11
haitai,11
haitai,11
hyundai,12
hyundai,12
hyundai,12
hyundai,12
hyundai,12
hyundai,12
hyundai,12
hyundai,12
hyundai,12
hyundai,12
hyundai,12
hyundai,12
hyundai,12
hyundai,12
hyundai,12
hyundai,12
hyundai,12
hyundai,12
hyundai,12
hyundai,12
hyundai,12
hyundai,12
hyundai,12
hyundai,12
hyundai,12
hyundai,12
hyundai,12
hyundai,12
hyundai,12
hyundai,12
hyundai,12
hyundai,12
hyundai,12
hyundai,12
hyundai,12
hyundai,12
hyundai,12
hyundai,12
hyundai,12
hyundai,12
hyundai,12
hyundai,12
hyundai,12
hyundai,12
hyundai,12
hyundai,12
hyundai,12
hyundai,12
hyundai,12
hyundai,12
hyundai,12
hyundai,12
hyundai,12
hyundai,12
hyundai,12
hyundai,12
hyundai,12
hyundai,12
hyundai,12
hyundai,12
hyundai,12
hyundai,12
hyundai,12
hyundai,12
hyundai,12
hyundai,12
hyundai,12
hyundai,12
hyundai,12
hyundai,12
hyundai,12
hyundai,12
hyundai,12
hyundai,12
hyundai,12
hyundai,12
hyundai,12
hyundai,12
hyundai,12
hyundai,12
hyundai,12
hyundai,12
hyundai,12
hyundai,12
hyundai,12
hyundai,12
hyundai,12
hyundai,12
hyundai,12
hyundai,12
hyundai,12
hyundai,12
hyundai,12
hyundai,12
hyundai,12
hyundai,12
hyundai,12
hyundai,12
hyundai,12
hyundai,12
hyundai,12
hyundai,12
hyundai,12
hyundai,12
hyundai,12
hyundai,12
hyundai,12
hyundai,12
hyundai,12
hyundai,12
hyundai,12
hyundai,12
hyundai,12
hyundai,12
hyundai,12
hyundai,12
hyundai,12
hyundai,12
hyundai,12
hyundai,12
hyundai,12
hyundai,12
hyundai,12
hyundai,12
hyundai,12
hyundai,12
hyundai,12
hyundai,12
hyundai,12
hyundai,12
hyundai,12
hyundai,12
hyundai,12
hyundai,12
hyundai,12
hyundai,12
hyundai,12
hyundai,12
hyundai,12
hyundai,12
hyundai,12
hyundai,12
hyundai,12
hyundai,12
hyundai,12
hyundai,12
hyundai,12
hyundai,12
hyundai,12
hyundai,12
hyundai,12
hyundai,12
hyundai,12
hyundai,12
hyundai,12
hyundai,12
hyundai,12
hyundai,12
hyundai,12
hyundai,12
hyundai_car,13
hyundai_car,13
hyundai_car,13
hyundai_car,13
hyundai_car,13
hyundai_car,13
hyundai_car,13
hyundai_car,13
hyundai_car,13
hyundai_car,13
hyundai_car,13
hyundai_car,13
hyundai_car,13
hyundai_car,13
hyundai_car,13
hyundai_car,13
hyundai_car,13
hyundai_car,13
hyundai_car,13
hyundai_car,13
hyundai_car,13
hyundai_car,13
hyundai_car,13
hyundai_car,13
hyundai_car,13
hyundai_car,13
hyundai_car,13
hyundai_car,13
hyundai_car,13
hyundai_car,13
hyundai_car,13
hyundai_car,13
hyundai_car,13
hyundai_car,13
hyundai_car,13
hyundai_car,13
hyundai_car,13
hyundai_car,13
hyundai_car,13
hyundai_car,13
hyundai_car,13
hyundai_car,13
hyundai_car,13
hyundai_car,13
hyundai_car,13
hyundai_car,13
hyundai_car,13
hyundai_car,13
hyundai_car,13
hyundai_car,13
hyundai_car,13
hyundai_car,13
hyundai_car,13
hyundai_car,13
hyundai_car,13
hyundai_car,13
hyundai_car,13
hyundai_car,13
hyundai_car,13
hyundai_car,13
hyundai_car,13
hyundai_car,13
hyundai_car,13
hyundai_car,13
hyundai_car,13
hyundai_car,13
hyundai_car,13
hyundai_car,13
hyundai_car,13
hyundai_car,13
hyundai_car,13
hyundai_car,13
hyundai_car,13
hyundai_car,13
hyundai_car,13
hyundai_car,13
hyundai_car,13
hyundai_car,13
hyundai_car,13
hyundai_car,13
hyundai_car,13
hyundai_car,13
hyundai_car,13
hyundai_car,13
hyundai_car,13
hyundai_car,13
hyundai_car,13
hyundai_car,13
hyundai_car,13
hyundai_car,13
hyundai_car,13
hyundai_car,13
hyundai_car,13
hyundai_car,13
hyundai_car,13
hyundai_car,13
hyundai_car,13
hyundai_car,13
hyundai_car,13
hyundai_car,13
hyundai_car,13
hyundai_car,13
hyundai_car,13
hyundai_car,13
hyundai_car,13
hyundai_car,13
hyundai_car,13
hyundai_car,13
hyundai_car,13
hyundai_car,13
hyundai_car,13
hyundai_car,13
hyundai_car,13
hyundai_car,13
hyundai_car,13
hyundai_car,13
hyundai_car,13
hyundai_car,13
hyundai_car,13
hyundai_car,13
hyundai_car,13
hyundai_car,13
hyundai_car,13
hyundai_car,13
hyundai_car,13
hyundai_car,13
hyundai_car,13
hyundai_car,13
hyundai_car,13
hyundai_car,13
hyundai_car,13
hyundai_car,13
hyundai_car,13
hyundai_car,13
hyundai_car,13
hyundai_car,13
hyundai_car,13
hyundai_car,13
hyundai_car,13
hyundai_car,13
hyundai_car,13
hyundai_car,13
hyundai_car,13
hyundai_car,13
hyundai_car,13
hyundai_car,13
hyundai_car,13
hyundai_car,13
hyundai_car,13
hyundai_car,13
hyundai_car,13
hyundai_car,13
hyundai_car,13
hyundai_car,13
hyundai_car,13
hyundai_car,13
hyundai_car,13
hyundai_car,13
hyundai_car,13
hyundai_car,13
lotte,14
lotte,14
lotte,14
lotte,14
lotte,14
lotte,14
lotte,14
lotte,14
lotte,14
lotte,14
lotte,14
lotte,14
lotte,14
lotte,14
lotte,14
lotte,14
lotte,14
lotte,14
lotte,14
lotte,14
lotte,14
lotte,14
lotte,14
lotte,14
lotte,14
lotte,14
lotte,14
lotte,14
lotte,14
lotte,14
lotte,14
lotte,14
lotte,14
lotte,14
lotte,14
lotte,14
lotte,14
lotte,14
lotte,14
lotte,14
lotte,14
lotte,14
lotte,14
lotte,14
lotte,14
lotte,14
lotte,14
lotte,14
lotte,14
lotte,14
lotte,14
lotte,14
lotte,14
lotte,14
lotte,14
lotte,14
lotte,14
lotte,14
lotte,14
lotte,14
lotte,14
lotte,14
lotte,14
lotte,14
lotte,14
lotte,14
lotte,14
lotte,14
lotte,14
lotte,14
lotte,14
lotte,14
lotte,14
lotte,14
lotte,14
lotte,14
lotte,14
lotte,14
lotte,14
lotte,14
lotte,14
lotte,14
lotte,14
lotte,14
lotte,14
lotte,14
lotte,14
lotte,14
lotte,14
lotte,14
lotte,14
lotte,14
lotte,14
lotte,14
lotte,14
lotte,14
lotte,14
lotte,14
lotte,14
lotte,14
lotte,14
lotte,14
lotte,14
lotte,14
lotte,14
lotte,14
lotte,14
lotte,14
lotte,14
lotte,14
lotte,14
lotte,14
lotte,14
lotte,14
lotte,14
lotte,14
lotte,14
lotte,14
lotte,14
lotte,14
lotte,14
lotte,14
lotte,14
lotte,14
lotte,14
lotte,14
lotte,14
lotte,14
lotte,14
lotte,14
lotte,14
lotte,14
lotte,14
lotte,14
lotte,14
lotte,14
lotte,14
lotte,14
lotte,14
lotte,14
lotte,14
lotte,14
lotte,14
lotte,14
lotte,14
lotte,14
lotte,14
lotte,14
lotte,14
lotte,14
lotte,14
lotte,14
lotte,14
lotte,14
lotte,14
lotte,14
lotte,14
lotte,14
lotte,14
lotte,14
lotte,14
lotte,14
lotte,14
lotte,14
lotte,14
lotte,14
lotte,14
lotte,14
lotte,14
lotte,14
lotte,14
lotte,14
lotte,14
lotte,14
lotte,14
lotte,14
lotte,14
lotte,14
lotte,14
lotte,14
lotte,14
lotte,14
lotte,14
lotte,14
lotte,14
lotte,14
lotte,14
lotte,14
lotte,14
lotte,14
lotte,14
lotte,14
lotte,14
lotte,14
lotte,14
lotte,14
lotte,14
lotte,14
lotte,14
lotte,14
lotte,14
lotte,14
lotte,14
lotte,14
lotte,14
lotte,14
lotte,14
lotte,14
lotte,14
lotte,14
lotte,14
lotte,14
lotte,14
lotte,14
lotte,14
lotte,14
lotteJ,15
lotteJ,15
lotteJ,15
lotteJ,15
lotteJ,15
lotteJ,15
lotteJ,15
lotteJ,15
lotteJ,15
lotteJ,15
lotteJ,15
lotteJ,15
lotteJ,15
lotteJ,15
lotteJ,15
lotteJ,15
lotteJ,15
lotteJ,15
lotteJ,15
lotteJ,15
lotteJ,15
lotteJ,15
lotteJ,15
lotteJ,15
lotteJ,15
lotteJ,15
lotteJ,15
lotteJ,15
lotteJ,15
lotteJ,15
lotteJ,15
lotteJ,15
lotteJ,15
lotteJ,15
lotteJ,15
lotteJ,15
lotteJ,15
lotteJ,15
lotteJ,15
lotteJ,15
lotteJ,15
lotteJ,15
lotteJ,15
lotteJ,15
lotteJ,15
lotteJ,15
lotteJ,15
lotteJ,15
lotteJ,15
lotteJ,15
lotteJ,15
lotteJ,15
lotteJ,15
lotteJ,15
lotteJ,15
lotteJ,15
lotteJ,15
lotteJ,15
lotteJ,15
lotteJ,15
lotteJ,15
lotteJ,15
lotteJ,15
lotteJ,15
lotteJ,15
lotteJ,15
lotteJ,15
lotteJ,15
lotteJ,15
lotteJ,15
lotteJ,15
lotteJ,15
lotteJ,15
lotteJ,15
lotteJ,15
lotteJ,15
lotteJ,15
lotteJ,15
lotteJ,15
lotteJ,15
lotteJ,15
lotteJ,15
lotteJ,15
lotteJ,15
lotteJ,15
lotteJ,15
lotteJ,15
lotteJ,15
lotteJ,15
lotteJ,15
lotteJ,15
lotteJ,15
lotteJ,15
lotteJ,15
lotteJ,15
lotteJ,15
lotteJ,15
lotteJ,15
lotteJ,15
lotteJ,15
lotteJ,15
lotteJ,15
lotteJ,15
lotteJ,15
lotteJ,15
lotteJ,15
lotteJ,15
lotteJ,15
lotteJ,15
lotteJ,15
lotteJ,15
lotteJ,15
lotteJ,15
lotteJ,15
lotteJ,15
lotteJ,15
lotteJ,15
lotteJ,15
lotteJ,15
lotteJ,15
lotteJ,15
lotteJ,15
lotteJ,15
lotteJ,15
lotteJ,15
lotteJ,15
lotteJ,15
lotteJ,15
lotteJ,15
lotteJ,15
lotteJ,15
lotteJ,15
lotteJ,15
lotteJ,15
lotteJ,15
lotteJ,15
lotteJ,15
lotteJ,15
lotteJ,15
lotteJ,15
lotteJ,15
lotteJ,15
lotteJ,15
lotteJ,15
lotteJ,15
lotteJ,15
lotteJ,15
lotteJ,15
lotteJ,15
lotteJ,15
lotteJ,15
lotteJ,15
lotteJ,15
lotteJ,15
lotteJ,15
lotteJ,15
lotteJ,15
lotteJ,15
lotteJ,15
lotteJ,15
lotteJ,15
lotteJ,15
lotteJ,15
lotteJ,15
lotteJ,15
lotteJ,15
lotteJ,15
lotteJ,15
mrpizza,16
mrpizza,16
mrpizza,16
mrpizza,16
mrpizza,16
mrpizza,16
mrpizza,16
mrpizza,16
mrpizza,16
mrpizza,16
mrpizza,16
mrpizza,16
mrpizza,16
mrpizza,16
mrpizza,16
mrpizza,16
mrpizza,16
mrpizza,16
mrpizza,16
mrpizza,16
mrpizza,16
mrpizza,16
mrpizza,16
mrpizza,16
mrpizza,16
mrpizza,16
mrpizza,16
mrpizza,16
mrpizza,16
mrpizza,16
mrpizza,16
mrpizza,16
mrpizza,16
mrpizza,16
mrpizza,16
mrpizza,16
mrpizza,16
mrpizza,16
mrpizza,16
mrpizza,16
mrpizza,16
mrpizza,16
mrpizza,16
mrpizza,16
mrpizza,16
mrpizza,16
mrpizza,16
mrpizza,16
mrpizza,16
mrpizza,16
mrpizza,16
mrpizza,16
mrpizza,16
mrpizza,16
mrpizza,16
mrpizza,16
mrpizza,16
mrpizza,16
mrpizza,16
mrpizza,16
mrpizza,16
mrpizza,16
mrpizza,16
mrpizza,16
mrpizza,16
mrpizza,16
mrpizza,16
mrpizza,16
mrpizza,16
mrpizza,16
mrpizza,16
mrpizza,16
mrpizza,16
mrpizza,16
mrpizza,16
mrpizza,16
mrpizza,16
mrpizza,16
mrpizza,16
mrpizza,16
mrpizza,16
mrpizza,16
mrpizza,16
mrpizza,16
mrpizza,16
mrpizza,16
mrpizza,16
mrpizza,16
mrpizza,16
mrpizza,16
mrpizza,16
mrpizza,16
mrpizza,16
mrpizza,16
mrpizza,16
mrpizza,16
mrpizza,16
mrpizza,16
mrpizza,16
mrpizza,16
mrpizza,16
mrpizza,16
mrpizza,16
mrpizza,16
mrpizza,16
mrpizza,16
mrpizza,16
mrpizza,16
mrpizza,16
mrpizza,16
mrpizza,16
mrpizza,16
mrpizza,16
mrpizza,16
mrpizza,16
mrpizza,16
mrpizza,16
mrpizza,16
mrpizza,16
mrpizza,16
mrpizza,16
mrpizza,16
mrpizza,16
mrpizza,16
mrpizza,16
mrpizza,16
mrpizza,16
mrpizza,16
mrpizza,16
mrpizza,16
mrpizza,16
mrpizza,16
mrpizza,16
mrpizza,16
mrpizza,16
mrpizza,16
mrpizza,16
mrpizza,16
mrpizza,16
mrpizza,16
mrpizza,16
mrpizza,16
mrpizza,16
mrpizza,16
mrpizza,16
mrpizza,16
mrpizza,16
mrpizza,16
mrpizza,16
mrpizza,16
mrpizza,16
mrpizza,16
mrpizza,16
mrpizza,16
mrpizza,16
mrpizza,16
mrpizza,16
mrpizza,16
mrpizza,16
mrpizza,16
nongsim,17
nongsim,17
nongsim,17
nongsim,17
nongsim,17
nongsim,17
nongsim,17
nongsim,17
nongsim,17
nongsim,17
nongsim,17
nongsim,17
nongsim,17
nongsim,17
nongsim,17
nongsim,17
nongsim,17
nongsim,17
nongsim,17
nongsim,17
nongsim,17
nongsim,17
nongsim,17
nongsim,17
nongsim,17
nongsim,17
nongsim,17
nongsim,17
nongsim,17
nongsim,17
nongsim,17
nongsim,17
nongsim,17
nongsim,17
nongsim,17
nongsim,17
nongsim,17
nongsim,17
nongsim,17
nongsim,17
nongsim,17
nongsim,17
nongsim,17
nongsim,17
nongsim,17
nongsim,17
nongsim,17
nongsim,17
nongsim,17
nongsim,17
nongsim,17
nongsim,17
nongsim,17
nongsim,17
nongsim,17
nongsim,17
nongsim,17
nongsim,17
nongsim,17
nongsim,17
nongsim,17
nongsim,17
nongsim,17
nongsim,17
nongsim,17
nongsim,17
nongsim,17
nongsim,17
nongsim,17
nongsim,17
nongsim,17
nongsim,17
nongsim,17
nongsim,17
nongsim,17
nongsim,17
nongsim,17
nongsim,17
nongsim,17
nongsim,17
nongsim,17
nongsim,17
nongsim,17
nongsim,17
nongsim,17
nongsim,17
nongsim,17
nongsim,17
nongsim,17
nongsim,17
nongsim,17
nongsim,17
nongsim,17
nongsim,17
nongsim,17
nongsim,17
nongsim,17
nongsim,17
nongsim,17
nongsim,17
nongsim,17
nongsim,17
nongsim,17
nongsim,17
nongsim,17
nongsim,17
nongsim,17
nongsim,17
nongsim,17
nongsim,17
nongsim,17
nongsim,17
nongsim,17
nongsim,17
nongsim,17
nongsim,17
nongsim,17
nongsim,17
nongsim,17
nongsim,17
nongsim,17
nongsim,17
nongsim,17
nongsim,17
nongsim,17
nongsim,17
nongsim,17
nongsim,17
nongsim,17
nongsim,17
nongsim,17
nongsim,17
nongsim,17
nongsim,17
nongsim,17
nongsim,17
nongsim,17
nongsim,17
nongsim,17
nongsim,17
nongsim,17
nongsim,17
nongsim,17
nongsim,17
nongsim,17
nongsim,17
nongsim,17
nongsim,17
nongsim,17
nongsim,17
nongsim,17
nongsim,17
orin,18
orin,18
orin,18
orin,18
orin,18
orin,18
orin,18
orin,18
orin,18
orin,18
orin,18
orin,18
orin,18
orin,18
orin,18
orin,18
orin,18
orin,18
orin,18
orin,18
orin,18
orin,18
orin,18
orin,18
orin,18
orin,18
orin,18
orin,18
orin,18
orin,18
orin,18
orin,18
orin,18
orin,18
orin,18
orin,18
orin,18
orin,18
orin,18
orin,18
orin,18
orin,18
orin,18
orin,18
orin,18
orin,18
orin,18
orin,18
orin,18
orin,18
orin,18
orin,18
orin,18
orin,18
orin,18
orin,18
orin,18
orin,18
orin,18
orin,18
orin,18
orin,18
orin,18
orin,18
orin,18
orin,18
orin,18
orin,18
orin,18
orin,18
orin,18
orin,18
orin,18
orin,18
orin,18
orin,18
orin,18
orin,18
orin,18
orin,18
orin,18
orin,18
orin,18
orin,18
orin,18
orin,18
orin,18
orin,18
orin,18
orin,18
orin,18
orin,18
orin,18
orin,18
orin,18
orin,18
orin,18
orin,18
orin,18
orin,18
orin,18
orin,18
orin,18
orin,18
orin,18
orin,18
orin,18
orin,18
orin,18
orin,18
orin,18
orin,18
orin,18
orin,18
orin,18
orin,18
orin,18
orin,18
orin,18
orin,18
orin,18
orin,18
orin,18
orin,18
orin,18
orin,18
orin,18
orin,18
orin,18
orin,18
orin,18
orin,18
orin,18
orin,18
orin,18
orin,18
orin,18
orin,18
orin,18
orin,18
orin,18
orin,18
orin,18
orin,18
papazons,19
papazons,19
papazons,19
papazons,19
papazons,19
papazons,19
papazons,19
papazons,19
papazons,19
papazons,19
papazons,19
papazons,19
papazons,19
papazons,19
papazons,19
papazons,19
papazons,19
papazons,19
papazons,19
papazons,19
papazons,19
papazons,19
papazons,19
papazons,19
papazons,19
papazons,19
papazons,19
papazons,19
papazons,19
papazons,19
papazons,19
papazons,19
papazons,19
papazons,19
papazons,19
papazons,19
papazons,19
papazons,19
papazons,19
papazons,19
papazons,19
papazons,19
papazons,19
papazons,19
papazons,19
papazons,19
papazons,19
papazons,19
papazons,19
papazons,19
papazons,19
papazons,19
papazons,19
papazons,19
papazons,19
papazons,19
papazons,19
papazons,19
papazons,19
papazons,19
papazons,19
papazons,19
papazons,19
papazons,19
papazons,19
papazons,19
papazons,19
papazons,19
papazons,19
papazons,19
papazons,19
papazons,19
papazons,19
papazons,19
papazons,19
papazons,19
papazons,19
papazons,19
papazons,19
papazons,19
papazons,19
papazons,19
papazons,19
papazons,19
papazons,19
papazons,19
papazons,19
papazons,19
papazons,19
papazons,19
papazons,19
papazons,19
papazons,19
papazons,19
papazons,19
papazons,19
papazons,19
papazons,19
papazons,19
papazons,19
papazons,19
papazons,19
papazons,19
papazons,19
papazons,19
papazons,19
papazons,19
papazons,19
papazons,19
papazons,19
papazons,19
papazons,19
papazons,19
papazons,19
papazons,19
papazons,19
papazons,19
papazons,19
papazons,19
papazons,19
papazons,19
papazons,19
papazons,19
papazons,19
papazons,19
papazons,19
papazons,19
papazons,19
papazons,19
papazons,19
papazons,19
papazons,19
papazons,19
papazons,19
papazons,19
papazons,19
papazons,19
papazons,19
papazons,19
papazons,19
papazons,19
papazons,19
papazons,19
papazons,19
papazons,19
papazons,19
papazons,19
papazons,19
papazons,19
papazons,19
papazons,19
papazons,19
papazons,19
papazons,19
papazons,19
papazons,19
papazons,19
papazons,19
papazons,19
papazons,19
pizzahut,20
pizzahut,20
pizzahut,20
pizzahut,20
pizzahut,20
pizzahut,20
pizzahut,20
pizzahut,20
pizzahut,20
pizzahut,20
pizzahut,20
pizzahut,20
pizzahut,20
pizzahut,20
pizzahut,20
pizzahut,20
pizzahut,20
pizzahut,20
pizzahut,20
pizzahut,20
pizzahut,20
pizzahut,20
pizzahut,20
pizzahut,20
pizzahut,20
pizzahut,20
pizzahut,20
pizzahut,20
pizzahut,20
pizzahut,20
pizzahut,20
pizzahut,20
pizzahut,20
pizzahut,20
pizzahut,20
pizzahut,20
pizzahut,20
pizzahut,20
pizzahut,20
pizzahut,20
pizzahut,20
pizzahut,20
pizzahut,20
pizzahut,20
pizzahut,20
pizzahut,20
pizzahut,20
pizzahut,20
pizzahut,20
pizzahut,20
pizzahut,20
pizzahut,20
pizzahut,20
pizzahut,20
pizzahut,20
pizzahut,20
pizzahut,20
pizzahut,20
pizzahut,20
pizzahut,20
pizzahut,20
pizzahut,20
pizzahut,20
pizzahut,20
pizzahut,20
pizzahut,20
pizzahut,20
pizzahut,20
pizzahut,20
pizzahut,20
pizzahut,20
pizzahut,20
pizzahut,20
pizzahut,20
pizzahut,20
pizzahut,20
pizzahut,20
pizzahut,20
pizzahut,20
pizzahut,20
pizzahut,20
pizzahut,20
pizzahut,20
pizzahut,20
pizzahut,20
pizzahut,20
pizzahut,20
pizzahut,20
pizzahut,20
pizzahut,20
pizzahut,20
pizzahut,20
pizzahut,20
pizzahut,20
pizzahut,20
pizzahut,20
pizzahut,20
pizzahut,20
pizzahut,20
pizzahut,20
pizzahut,20
pizzahut,20
pizzahut,20
pizzahut,20
pizzahut,20
pizzahut,20
pizzahut,20
pizzahut,20
pizzahut,20
pizzahut,20
pizzahut,20
pizzahut,20
pizzahut,20
pizzahut,20
pizzahut,20
pizzahut,20
pizzahut,20
pizzahut,20
pizzahut,20
pizzahut,20
pizzahut,20
pizzahut,20
pizzahut,20
pizzahut,20
pizzahut,20
pizzahut,20
pizzahut,20
pizzahut,20
pizzahut,20
pizzahut,20
pizzahut,20
pizzahut,20
pizzahut,20
pizzahut,20
pizzahut,20
pizzahut,20
pizzahut,20
pizzahut,20
pizzahut,20
pizzahut,20
pizzahut,20
pizzahut,20
pizzahut,20
pizzahut,20
pizzahut,20
pizzahut,20
pizzahut,20
pizzahut,20
pizzahut,20
pizzahut,20
pizzahut,20
pizzahut,20
pizzahut,20
pizzahut,20
pizzahut,20
pizzahut,20
pizzahut,20
pizzahut,20
pizzahut,20
pizzahut,20
porche,21
porche,21
porche,21
porche,21
porche,21
porche,21
porche,21
porche,21
porche,21
porche,21
porche,21
porche,21
porche,21
porche,21
porche,21
porche,21
porche,21
porche,21
porche,21
porche,21
porche,21
porche,21
porche,21
porche,21
porche,21
porche,21
porche,21
porche,21
porche,21
porche,21
porche,21
porche,21
porche,21
porche,21
porche,21
porche,21
porche,21
porche,21
porche,21
porche,21
porche,21
porche,21
porche,21
porche,21
porche,21
porche,21
porche,21
porche,21
porche,21
porche,21
porche,21
porche,21
porche,21
porche,21
porche,21
porche,21
porche,21
porche,21
porche,21
porche,21
porche,21
porche,21
porche,21
porche,21
porche,21
porche,21
porche,21
porche,21
porche,21
porche,21
porche,21
porche,21
porche,21
porche,21
porche,21
porche,21
porche,21
porche,21
porche,21
porche,21
porche,21
porche,21
porche,21
porche,21
porche,21
porche,21
porche,21
porche,21
porche,21
porche,21
porche,21
porche,21
porche,21
porche,21
porche,21
porche,21
porche,21
porche,21
porche,21
porche,21
porche,21
porche,21
porche,21
porche,21
porche,21
porche,21
porche,21
porche,21
porche,21
porche,21
porche,21
porche,21
porche,21
porche,21
porche,21
porche,21
porche,21
porche,21
porche,21
porche,21
porche,21
porche,21
porche,21
porche,21
porche,21
porche,21
porche,21
porche,21
porche,21
porche,21
porche,21
porche,21
porche,21
porche,21
porche,21
porche,21
porche,21
porche,21
porche,21
porche,21
porche,21
porche,21
porche,21
porche,21
porche,21
porche,21
porche,21
porche,21
porche,21
porche,21
porche,21
porche,21
porche,21
porche,21
porche,21
porche,21
porche,21
porche,21
porche,21
porche,21
shinsegae,22
shinsegae,22
shinsegae,22
shinsegae,22
shinsegae,22
shinsegae,22
shinsegae,22
shinsegae,22
shinsegae,22
shinsegae,22
shinsegae,22
shinsegae,22
shinsegae,22
shinsegae,22
shinsegae,22
shinsegae,22
shinsegae,22
shinsegae,22
shinsegae,22
shinsegae,22
shinsegae,22
shinsegae,22
shinsegae,22
shinsegae,22
shinsegae,22
shinsegae,22
shinsegae,22
shinsegae,22
shinsegae,22
shinsegae,22
shinsegae,22
shinsegae,22
shinsegae,22
shinsegae,22
shinsegae,22
shinsegae,22
shinsegae,22
shinsegae,22
shinsegae,22
shinsegae,22
shinsegae,22
shinsegae,22
shinsegae,22
shinsegae,22
shinsegae,22
shinsegae,22
shinsegae,22
shinsegae,22
shinsegae,22
shinsegae,22
shinsegae,22
shinsegae,22
shinsegae,22
shinsegae,22
shinsegae,22
shinsegae,22
shinsegae,22
shinsegae,22
shinsegae,22
shinsegae,22
shinsegae,22
shinsegae,22
shinsegae,22
shinsegae,22
shinsegae,22
shinsegae,22
shinsegae,22
shinsegae,22
shinsegae,22
shinsegae,22
shinsegae,22
shinsegae,22
shinsegae,22
shinsegae,22
shinsegae,22
shinsegae,22
shinsegae,22
shinsegae,22
shinsegae,22
shinsegae,22
shinsegae,22
shinsegae,22
shinsegae,22
shinsegae,22
shinsegae,22
shinsegae,22
shinsegae,22
shinsegae,22
shinsegae,22
shinsegae,22
shinsegae,22
shinsegae,22
shinsegae,22
shinsegae,22
shinsegae,22
shinsegae,22
shinsegae,22
shinsegae,22
shinsegae,22
shinsegae,22
shinsegae,22
shinsegae,22
shinsegae,22
shinsegae,22
shinsegae,22
shinsegae,22
shinsegae,22
shinsegae,22
shinsegae,22
shinsegae,22
shinsegae,22
shinsegae,22
shinsegae,22
shinsegae,22
shinsegae,22
shinsegae,22
shinsegae,22
shinsegae,22
shinsegae,22
shinsegae,22
shinsegae,22
shinsegae,22
shinsegae,22
shinsegae,22
shinsegae,22
shinsegae,22
shinsegae,22
shinsegae,22
shinsegae,22
shinsegae,22
shinsegae,22
shinsegae,22
shinsegae,22
shinsegae,22
shinsegae,22
shinsegae,22
shinsegae,22
shinsegae,22
shinsegae,22
shinsegae,22
shinsegae,22
shinsegae,22
shinsegae,22
shinsegae,22
shinsegae,22
shinsegae,22
shinsegae,22
shinsegae,22
shinsegae,22
shinsegae,22
shinsegae,22
shinsegae,22
shinsegae,22
shinsegae,22
shinsegae,22
shinsegae,22
shinsegae,22
shinsegae,22
shinsegae,22
shinsegae,22
shinsegae,22
shinsegae,22
shinsegae,22
shinsegae,22
shinsegae,22
shinsegae,22
shinsegae,22
shinsegae,22
shinsegae,22
shinsegae,22
shinsegae,22
shinsegae,22
shinsegae,22
shinsegae,22
shinsegae,22
shinsegae,22
starbucks,23
starbucks,23
starbucks,23
starbucks,23
starbucks,23
starbucks,23
starbucks,23
starbucks,23
starbucks,23
starbucks,23
starbucks,23
starbucks,23
starbucks,23
starbucks,23
starbucks,23
starbucks,23
starbucks,23
starbucks,23
starbucks,23
starbucks,23
starbucks,23
starbucks,23
starbucks,23
starbucks,23
starbucks,23
starbucks,23
starbucks,23
starbucks,23
starbucks,23
starbucks,23
starbucks,23
starbucks,23
starbucks,23
starbucks,23
starbucks,23
starbucks,23
starbucks,23
starbucks,23
starbucks,23
starbucks,23
starbucks,23
starbucks,23
starbucks,23
starbucks,23
starbucks,23
starbucks,23
starbucks,23
starbucks,23
starbucks,23
starbucks,23
starbucks,23
starbucks,23
starbucks,23
starbucks,23
starbucks,23
starbucks,23
starbucks,23
starbucks,23
starbucks,23
starbucks,23
starbucks,23
starbucks,23
starbucks,23
starbucks,23
starbucks,23
starbucks,23
starbucks,23
starbucks,23
starbucks,23
starbucks,23
starbucks,23
starbucks,23
starbucks,23
starbucks,23
starbucks,23
starbucks,23
starbucks,23
starbucks,23
starbucks,23
starbucks,23
starbucks,23
starbucks,23
starbucks,23
starbucks,23
starbucks,23
starbucks,23
starbucks,23
starbucks,23
starbucks,23
starbucks,23
starbucks,23
starbucks,23
starbucks,23
starbucks,23
starbucks,23
starbucks,23
starbucks,23
starbucks,23
starbucks,23
starbucks,23
starbucks,23
starbucks,23
starbucks,23
starbucks,23
starbucks,23
starbucks,23
starbucks,23
starbucks,23
starbucks,23
starbucks,23
starbucks,23
starbucks,23
starbucks,23
starbucks,23
starbucks,23
starbucks,23
starbucks,23
starbucks,23
starbucks,23
starbucks,23
starbucks,23
starbucks,23
starbucks,23
starbucks,23
starbucks,23
starbucks,23
starbucks,23
starbucks,23
starbucks,23
starbucks,23
starbucks,23
starbucks,23
starbucks,23
starbucks,23
starbucks,23
starbucks,23
starbucks,23
starbucks,23
starbucks,23
starbucks,23
starbucks,23
starbucks,23
starbucks,23
starbucks,23
starbucks,23
starbucks,23
starbucks,23
starbucks,23
starbucks,23
starbucks,23
starbucks,23
starbucks,23
starbucks,23
starbucks,23
starbucks,23
starbucks,23
starbucks,23
starbucks,23
starbucks,23
starbucks,23
starbucks,23
starbucks,23
starbucks,23
starbucks,23
starbucks,23
starbucks,23
starbucks,23
starbucks,23
starbucks,23
starbucks,23
starbucks,23
starbucks,23
starbucks,23
starbucks,23
starbucks,23
starbucks,23
starbucks,23
starbucks,23
starbucks,23
starbucks,23
starbucks,23
starbucks,23
starbucks,23
starbucks,23
starbucks,23
starbucks,23
starbucks,23
starbucks,23
starbucks,23
starbucks,23
starbucks,23
starbucks,23
starbucks,23
starbucks,23
starbucks,23
starbucks,23
starbucks,23
starbucks,23
starbucks,23
starbucks,23
starbucks,23
starbucks,23
starbucks,23
starbucks,23
starbucks,23
starbucks,23
starbucks,23
starbucks,23
starbucks,23
starbucks,23
starbucks,23
starbucks,23
starbucks,23
starbucks,23
starbucks,23
starbucks,23
starbucks,23
starbucks,23
starbucks,23
starbucks,23
starbucks,23
starbucks,23
starbucks,23
starbucks,23
starbucks,23
starbucks,23
starbucks,23
starbucks,23
starbucks,23
starbucks,23
starbucks,23
starbucks,23
starbucks,23
starbucks,23
starbucks,23
starbucks,23
starbucks,23
starbucks,23
starbucks,23
starbucks,23
toyota,24
toyota,24
toyota,24
toyota,24
toyota,24
toyota,24
toyota,24
toyota,24
toyota,24
toyota,24
toyota,24
toyota,24
toyota,24
toyota,24
toyota,24
toyota,24
toyota,24
toyota,24
toyota,24
toyota,24
toyota,24
toyota,24
toyota,24
toyota,24
toyota,24
toyota,24
toyota,24
toyota,24
toyota,24
toyota,24
toyota,24
toyota,24
toyota,24
toyota,24
toyota,24
toyota,24
toyota,24
toyota,24
toyota,24
toyota,24
toyota,24
toyota,24
toyota,24
toyota,24
toyota,24
toyota,24
toyota,24
toyota,24
toyota,24
toyota,24
toyota,24
toyota,24
toyota,24
toyota,24
toyota,24
toyota,24
toyota,24
toyota,24
toyota,24
toyota,24
toyota,24
toyota,24
toyota,24
toyota,24
toyota,24
toyota,24
toyota,24
toyota,24
toyota,24
toyota,24
toyota,24
toyota,24
toyota,24
toyota,24
toyota,24
toyota,24
toyota,24
toyota,24
toyota,24
toyota,24
toyota,24
toyota,24
toyota,24
toyota,24
toyota,24
toyota,24
toyota,24
toyota,24
toyota,24
toyota,24
toyota,24
toyota,24
toyota,24
toyota,24
toyota,24
toyota,24
toyota,24
toyota,24
toyota,24
toyota,24
toyota,24
toyota,24
toyota,24
toyota,24
toyota,24
toyota,24
toyota,24
toyota,24
toyota,24
toyota,24
toyota,24
toyota,24
toyota,24
toyota,24
toyota,24
toyota,24
toyota,24
toyota,24
toyota,24
toyota,24
toyota,24
toyota,24
toyota,24
toyota,24
toyota,24
toyota,24
toyota,24
toyota,24
toyota,24
toyota,24
toyota,24
toyota,24
toyota,24
toyota,24
toyota,24
toyota,24
toyota,24
toyota,24
toyota,24
toyota,24
toyota,24
toyota,24
toyota,24
toyota,24
toyota,24
toyota,24
toyota,24
toyota,24
toyota,24
toyota,24
toyota,24
toyota,24
toyota,24
toyota,24
toyota,24
toyota,24
toyota,24
toyota,24
toyota,24
toyota,24
twosomeplace,25
twosomeplace,25
twosomeplace,25
twosomeplace,25
twosomeplace,25
twosomeplace,25
twosomeplace,25
twosomeplace,25
twosomeplace,25
twosomeplace,25
twosomeplace,25
twosomeplace,25
twosomeplace,25
twosomeplace,25
twosomeplace,25
twosomeplace,25
twosomeplace,25
twosomeplace,25
twosomeplace,25
twosomeplace,25
twosomeplace,25
twosomeplace,25
twosomeplace,25
twosomeplace,25
twosomeplace,25
twosomeplace,25
twosomeplace,25
twosomeplace,25
twosomeplace,25
twosomeplace,25
twosomeplace,25
twosomeplace,25
twosomeplace,25
twosomeplace,25
twosomeplace,25
twosomeplace,25
twosomeplace,25
twosomeplace,25
twosomeplace,25
twosomeplace,25
twosomeplace,25
twosomeplace,25
twosomeplace,25
twosomeplace,25
twosomeplace,25
twosomeplace,25
twosomeplace,25
twosomeplace,25
twosomeplace,25
twosomeplace,25
twosomeplace,25
twosomeplace,25
twosomeplace,25
twosomeplace,25
twosomeplace,25
twosomeplace,25
twosomeplace,25
twosomeplace,25
twosomeplace,25
twosomeplace,25
twosomeplace,25
twosomeplace,25
twosomeplace,25
twosomeplace,25
twosomeplace,25
twosomeplace,25
twosomeplace,25
twosomeplace,25
twosomeplace,25
twosomeplace,25
twosomeplace,25
twosomeplace,25
twosomeplace,25
twosomeplace,25
twosomeplace,25
twosomeplace,25
twosomeplace,25
twosomeplace,25
twosomeplace,25
twosomeplace,25
twosomeplace,25
twosomeplace,25
twosomeplace,25
twosomeplace,25
twosomeplace,25
twosomeplace,25
twosomeplace,25
twosomeplace,25
twosomeplace,25
twosomeplace,25
twosomeplace,25
twosomeplace,25
twosomeplace,25
twosomeplace,25
twosomeplace,25
twosomeplace,25
twosomeplace,25
twosomeplace,25
twosomeplace,25
twosomeplace,25
twosomeplace,25
twosomeplace,25
twosomeplace,25
twosomeplace,25
twosomeplace,25
twosomeplace,25
twosomeplace,25
twosomeplace,25
twosomeplace,25
twosomeplace,25
twosomeplace,25
twosomeplace,25
twosomeplace,25
twosomeplace,25
twosomeplace,25
twosomeplace,25
twosomeplace,25
twosomeplace,25
twosomeplace,25
twosomeplace,25
twosomeplace,25
twosomeplace,25
twosomeplace,25
twosomeplace,25
twosomeplace,25
twosomeplace,25
twosomeplace,25
twosomeplace,25
twosomeplace,25
twosomeplace,25
twosomeplace,25
twosomeplace,25
twosomeplace,25
twosomeplace,25
twosomeplace,25
twosomeplace,25
twosomeplace,25
twosomeplace,25
twosomeplace,25
twosomeplace,25
twosomeplace,25
twosomeplace,25
twosomeplace,25
twosomeplace,25
twosomeplace,25
twosomeplace,25
twosomeplace,25
twosomeplace,25
twosomeplace,25
twosomeplace,25
twosomeplace,25
twosomeplace,25
twosomeplace,25
twosomeplace,25
twosomeplace,25
twosomeplace,25
twosomeplace,25
twosomeplace,25
twosomeplace,25
twosomeplace,25
twosomeplace,25
twosomeplace,25
twosomeplace,25
twosomeplace,25
twosomeplace,25
twosomeplace,25
twosomeplace,25
twosomeplace,25
twosomeplace,25
twosomeplace,25
twosomeplace,25
twosomeplace,25
twosomeplace,25
twosomeplace,25
twosomeplace,25
twosomeplace,25
twosomeplace,25
twosomeplace,25
twosomeplace,25
twosomeplace,25
twosomeplace,25
twosomeplace,25
twosomeplace,25
twosomeplace,25
twosomeplace,25
twosomeplace,25
twosomeplace,25
twosomeplace,25
twosomeplace,25
twosomeplace,25
twosomeplace,25
twosomeplace,25
twosomeplace,25
twosomeplace,25
twosomeplace,25
twosomeplace,25
twosomeplace,25
twosomeplace,25
twosomeplace,25
twosomeplace,25
twosomeplace,25
twosomeplace,25
twosomeplace,25
twosomeplace,25
twosomeplace,25
twosomeplace,25
twosomeplace,25
twosomeplace,25
twosomeplace,25
twosomeplace,25
twosomeplace,25
twosomeplace,25
twosomeplace,25
twosomeplace,25
twosomeplace,25
twosomeplace,25
