 등록 숙박시설 현황 ,,,,,,,,,,,,,,,,,,
,,,,,,,,,,,,, (2020.12.31.) ,,,,,
 구분 ,, 관광진흥법 ,,,,,, 공중위생법 ,,, 농어촌정비법 , 청소년활동진흥법 , 제주특별법 , 계 ,,,,
,, 소계 , 호텔업 , 휴양콘도미니엄업 , 관광펜션업 , 한옥체험업 , 외국인도시민박업 , 계 , 일반숙박업 , 생활숙박업 , 농어촌민박업 , 유스호스텔 , 휴양펜션업 ,,,,,
" 2012년
(12.31기준) ", 업체수 ," 2,036 ", 786 , 180 , 297 , 516 , 257 ," 26,319 "," 25,453 ", 866 ," 18,398 ", 108 , 59 ," 46,920 ",,,,
, (%) , 4.3 ,,,,,, 56.1 ,,, 39.2 , 0.2 , 0.1 , 100.0 ,,,,
, 객실수 ," 126,760 "," 82,209 "," 38,971 "," 2,640 "," 2,255 ", 685 ," 577,186 "," 557,209 "," 19,977 "," 68,219 "," 10,959 ", 504 ," 783,628 ",,,,
, (%) , 16.2 ,,,,,, 73.7 ,,, 8.7 , 1.4 , 0.1 , 99.9 ,,,,
" 2013년
(12.31기준) ", 업체수 ," 2,666 ", 896 , 192 , 332 , 695 , 551 ," 26,828 "," 25,659 "," 1,169 "," 20,047 ", 112 , 79 ," 49,732 ",,,,
, (%) , 5.4 ,,,,,, 53.9 ,,, 40.3 , 0.2 , 0.2 , 100.0 ,,,,
, 객실수 ," 138,086 "," 88,958 "," 41,661 "," 2,913 "," 2,898 "," 1,656 "," 590,433 "," 563,283 "," 27,150 "," 74,206 "," 11,211 ", 676 ," 814,612 ",,,,
, (%) , 17.0 ,,,,,, 72.5 ,,, 9.1 , 1.4 , 0.1 , 100.0 ,,,,
" 2014년
(12.31기준) ", 업체수 ," 3,405 "," 1,092 ", 201 , 359 , 869 , 884 ," 27,747 "," 26,365 "," 1,382 "," 22,435 ", 103 , 87 ," 53,777 ",,,,
, (%) , 6.3 ,,,,,, 51.6 ,,, 41.7 , 0.2 , 0.2 , 100.0 ,,,,
, 객실수 ," 156,264 "," 104,755 "," 41,756 "," 3,158 "," 3,856 "," 2,739 "," 619,192 "," 586,547 "," 32,645 "," 81,871 "," 10,709 ", 724 ," 868,760 ",,,,
, (%) , 18.0 ,,,,,, 71.3 ,,, 9.4 , 1.2 , 0.1 , 100.0 ,,,,
" 2015년
(12.31기준) ", 업체수 ," 4,079 "," 1,279 ", 209 , 390 , 992 ," 1,209 "," 28,826 "," 27,184 "," 1,642 "," 23,819 ", 101 , 90 ," 56,915 ",,,,
, (%) , 7.2 ,,,,,, 50.6 ,,, 41.9 , 0.2 , 0.2 , 100.0 ,,,,
, 객실수 ," 171,770 "," 117,626 "," 42,796 "," 3,357 "," 4,277 "," 3,714 "," 654,677 "," 615,162 "," 39,515 "," 85,204 "," 9,959 ", 801 ," 922,411 ",,,,
, (%) , 18.6 ,,,,,, 71.0 ,,, 9.2 , 1.1 , 0.1 , 100.0 ,,,,
"2016년
(12.31기준)", 업체수 ," 4,780 "," 1,522 ", 216 , 388 ," 1,186 "," 1,468 "," 29,203 "," 27,277 "," 1,926 "," 24,422 ", 93 , 93 ," 58,591 ",,,,
, (%) , 8.2 ,,,,,, 49.8 ,,, 41.7 , 0.2 , 0.2 , 100.0 ,,,,
, 객실수 ," 186,964 "," 129,916 "," 43,897 "," 3,445 "," 5,214 "," 4,492 "," 671,185 "," 623,896 "," 47,289 "," 86,388 "," 5,839 ", 832 ," 951,208 ",,,,
, (%) , 19.7 ,,,,,, 70.6 ,,, 9.1 , 0.6 , 0.1 , 100.0 ,,,,
"2017년
(12.31기준)", 업체수 ," 5,208 "," 1,617 ", 227 , 410 ," 1,265 "," 1,689 "," 28,607 "," 26,256 "," 2,351 "," 25,974 ", 108 , 98 ," 59,995 ",,,,
, (%) , 8.7 ,,,,,, 47.7 ,,, 43.3 , 0.2 , 0.2 , 100.0 ,,,,
, 객실수 ," 204,028 "," 143,416 "," 46,141 "," 3,682 "," 5,678 "," 5,111 "," 677,798 "," 622,682 "," 55,116 "," 89,645 "," 5,631 ", 876 ," 977,978 ",,,,
, (%) , 20.9 ,,,,,, 69.3 ,,, 9.2 , 0.6 , 0.1 , 100.0 ,,,,
"2018년
(12.31기준)",  업체수  ,"5,673 ","1,883 ",228 ,468 ,"1,286 ","1,808 ","28,837 ","26,267 ","2,570 ","27,329 ",109 ,97 ,"62,045 ",,,,
,  (%)  , 9.1 ,,,,,, 46.5 ,,, 44.0 , 0.2 , 0.2 , 100.0 ,,,,
,  객실수  ,"215,848 ","153,508 ","47,001 ","4,165 ","5,814 ","5,360 ","742,945 ","677,576 ","65,369 ","92,119 ","5,375 ",857 ,"1,057,144 ",,,,
,  (%)  , 20.4 ,,,,,, 69.9 ,,, 8.7 , 0.5 , 0.1 , 100.0 ,,,,
"2019년
(12.31기준)", 업체수 ," 6,230 ","1,983 ",235 ,604 ,"1,359 ","2,049 "," 28,273 ","25,308 ","2,965 ","28,244 ",106 ,104 ," 62,957 ",,,,
, (%) , 9.9 ,,,,,, 44.9 ,,, 44.9 , 0.2 , 0.2 , 100.0 ,,,,
, 객실수 ," 223,171 "," 158,141 "," 47,938 "," 5,341 "," 6,082 "," 5,669 "," 700,561 "," 628,395 "," 72,166 "," 89,647 "," 5,167 ", 913 ," 1,019,459 ",,,,
, (%) , 21.9 ,,,,,, 69.9 ,,, 8.8 , 0.5 , 0.1 , 100.0 ,,,,
"2020년
(12.31기준)", 업체수 ," 6,194 ","2,064 ",237 ,563 ,"1,389 ","1,941 "," 27,858 ","24,433 ","3,425 ","27,955 ",97 ,108 ," 62,212 ",,,,
, (%) , 10.0 , 3.3 , 0.4 , 0.9 , 2.2 , 3.1 , 44.8 , 39.3 , 5.5 , 44.9 , 0.2 , 0.2 , 100.0 ,,,,
, 객실수 ," 227,814 "," 162,709 "," 48,830 "," 4,787 "," 6,231 "," 5,257 "," 728,550 ","638,912 ","89,638 ","90,908 ","4,562 ",932 ,"1,051,930 ",,,,
, (%) , 21.7 , 15.5 , 4.6 , 0.5 , 0.6 , 0.5 , 69.3 , 60.7 , 8.5 , 8.6 , 0.4 , 0.1 , 100.0 ,,,,
"2021년
(12.31기준)", 업체수 ," 6,353 "," 2,130 ", 242 , 602 ," 1,505 "," 1,874 "," 33,526 "," 29,656 "," 3,870 "," 28,702 ", 82 , 110 ," 68,773 "," 68,773 ",,,
, (%) , 9.2 , 3.1 , 0.4 , 0.9 , 2.2 , 2.7 , 90.8 , 43.1 , 5.6 , 41.7 , 0.1 , 0.2 , 100.0 ,,,,
, 객실수 ," 233,522 "," 167,749 "," 49,739 "," 5,015 "," 6,134 "," 4,885 "," 679,694 "," 593,880 "," 85,814 "," 90,790 "," 4,475 ", 942 ," 1,009,423 ",,,,
, (%) , 23.1 , 16.6 , 4.9 , 0.5 , 0.6 , 0.5 , 76.9 , 58.8 , 8.5 , 9.0 , 0.4 , 0.1 , 100.0 ,,,,
,,,,,,,,,,,,,,,,,,
 (서울시) ,,,,,,,,,,,,,,,,,,
 구분 ,, 관광진흥법 ,,,,,, 공중위생법 ,,, 농어촌정비법 , 청소년활동진흥법 , 제주특별법 , 계 ,,,,
,, 소계 , 호텔업 , 휴양콘도미니엄업 , 관광펜션업 , 한옥체험업 , 외국인도시민박업 , 계 , 일반숙박업 , 생활숙박업 , 농어촌민박업 , 유스호스텔 , 휴양펜션업 ,,,,,
" 2012년
(12.31기준) ", 업체수 , 386 , 161 ,,, 60 , 165 ," 2,925 "," 2,919 ", 6 ,, 4 , - ," 3,315 ",,,,
, 객실수 ," 27,913 "," 27,156 ",,, 243 , 514 ," 61,636 "," 61,045 ", 591 ,, 439 , - ," 89,988 ",,,,
" 2013년
(12.31기준) ", 업체수 , 605 , 191 ,,, 78 , 336 ," 2,945 "," 2,936 ", 9 ,, 4 , - ," 3,554 ",,,,
, 객실수 ," 31,275 "," 29,828 ",,, 325 ," 1,122 "," 62,290 "," 61,499 ", 791 ,, 439 , - ," 94,004 ",,,,
" 2014년
(12.31기준) ", 업체수 , 906 , 234 , - ,, 87 , 585 ," 2,974 "," 2,959 ", 15 ,, 4 , - ," 3,884 ",,,,
, 객실수 ," 36,767 "," 34,541 ", - ,, 360 ," 1,866 "," 64,196 "," 62,539 "," 1,657 ",, 439 , - ," 101,402 ",,,,
" 2015년
(12.31기준) ", 업체수 ," 1,128 ", 291 , - ,, 105 , 732 ," 3,019 "," 2,995 ", 24 ,, 4 , - ," 4,151 ",,,,
, 객실수 ," 44,505 "," 41,672 ", - ,, 407 ," 2,426 "," 67,109 "," 64,626 "," 2,483 ",, 439 , - ," 112,053 ",,,,
"2016년
(12.31기준)", 업체수 ," 1,359 ", 348 ,,, 121 , 890 ," 2,957 "," 2,926 ", 31 ,, 4 , - ," 4,320 ",,,,
, 객실수 ," 50,240 "," 46,947 ",,, 461 ," 2,832 "," 66,216 "," 63,425 "," 2,791 ",, 439 , - ," 116,895 ",,,,
"2017년
(12.31기준)", 업체수 ," 1,562 ", 399 , - , - , 121 ," 1,042 "," 2,801 "," 2,759 ", 42 , - , 4 , - ," 4,367 ",,,,
, 객실수 ," 57,118 "," 53,454 ", - , - , 451 ," 3,213 "," 63,929 "," 60,540 "," 3,389 ", - , 444 , - ," 121,491 ",,,,
"2017년
(12.31기준)", 업체수 ," 1,562 ", 399 , - , - , 121 ," 1,042 "," 2,801 "," 2,759 ", 42 , - , 4 , - ," 4,367 ",,,,
, 객실수 ," 57,118 "," 53,454 ", - , - , 451 ," 3,213 "," 63,929 "," 60,540 "," 3,389 ", - , 444 , - ," 121,491 ",,,,
"2018년
(12.31기준)", 업체수 ," 1,692 ", 440 , - , - , 133 ," 1,119 "," 2,705 "," 2,660 ", 45 , - , 2 , - ," 4,399 ",,,,
, 객실수 ," 62,053 "," 58,248 ", - , - , 478 ," 3,327 "," 62,372 "," 58,578 "," 3,794 ", - , 145 , - ," 124,570 ",,,,
"2019년
(12.31기준)", 업체수 ," 1,908 ", 460 ,  -  ,  -  , 139 ," 1,309 "," 2,494 "," 2,435 ", 59 , - , 2 , - ," 4,404 ",,,,
, 객실수 ," 64,107 "," 60,044 ", - , - , 469 ," 3,594 "," 55,272 "," 50,914 "," 4,358 ", - , 145 , - ," 119,524 ",,,,
"2020년
(12.31.기준)", 업체수 ," 1,814 ", 463 , - , - , 151 ," 1,200 "," 2,341 "," 2,272 ", 69 , - , 2 , - ," 4,157 ",,,,
, 객실수 ," 64,646 "," 60,939 ", - , - , 482 ," 3,225 "," 52,941 "," 48,326 "," 4,615 ", - , 145 , - ," 117,732 ",,,,
"2021년
(12.31.기준)", 업체수 ," 1,782 ", 463 , 1 , - , 184 ," 1,134 "," 2,192 "," 2,115 ", 77 , - , 2 , - ," 3,976 ",,,,
, 객실수 ," 65,327 "," 61,483 ", 334 , - , 546 ," 2,964 "," 49,961 "," 44,973 "," 4,988 ", - , 145 , - ," 115,433 ",,,,
 (부산시) ,,,,,,,,,,,,,,,,,,
 구분 ,, 관광진흥법 ,,,,,, 공중위생법 ,,, 농어촌정비법 , 청소년활동진흥법 , 제주특별법 , 계 ,,,,
,, 소계 , 호텔업 , 휴양콘도미니엄업 , 관광펜션업 , 한옥체험업 , 외국인도시민박업 , 계 , 일반숙박업 , 생활숙박업 , 농어촌민박업 , 유스호스텔 , 휴양펜션업 ,,,,,
" 2012년
(12.31기준) ", 업체수 , 78 , 53 , 4 , 2 ,, 19 ," 2,039 "," 1,943 ", 96 , 7 , 1 , - ," 2,125 ",,,,
, 객실수 ," 8,410 "," 6,982 "," 1,385 ", 5 ,, 38 ," 45,481 "," 43,134 "," 2,347 ", 29 , 110 , - ," 54,030 ",,,,
" 2013년
(12.31기준) ", 업체수 , 106 , 54 , 4 , 2 ,, 46 ," 2,079 "," 1,975 ", 104 , 9 , 1 , - ," 2,195 ",,,,
, 객실수 ," 8,507 "," 6,996 "," 1,385 ", 5 ,, 121 ," 46,552 "," 43,991 "," 2,561 ", 28 , 110 , - ," 55,197 ",,,,
" 2014년
(12.31기준) ", 업체수 , 128 , 66 , 4 , 2 ,, 56 ," 2,119 "," 2,010 ", 109 , 15 , 1 , - ," 2,263 ",,,,
, 객실수 ," 9,301 "," 7,726 "," 1,368 ", 5 ,, 202 ," 48,021 "," 45,392 "," 2,629 ", 45 , 110 , - ," 57,477 ",,,,
" 2015년
(12.31기준) ", 업체수 , 194 , 86 , 4 , 2 , 1 , 101 ," 2,168 "," 2,042 ", 126 , 17 , 1 , - ," 2,380 ",,,,
, 객실수 ," 9,939 "," 8,397 "," 1,368 ", 5 , 2 , 167 ," 49,981 "," 46,456 "," 3,525 ", 54 , 110 , - ," 60,084 ",,,,
"2016년
(12.31기준)", 업체수 , 250 , 110 , 4 , 2 , 1 , 133 ," 2,176 "," 2,033 ", 143 , 65 , 1 , - ," 2,492 ",,,,
, 객실수 ," 11,448 "," 9,791 "," 1,385 ", 5 , 2 , 265 ," 50,765 "," 46,626 "," 4,139 ", 212 , 110 , - ," 62,535 ",,,,
"2017년
(12.31기준)", 업체수 , 289 , 143 , 5 , 1 , 1 , 139 ," 2,099 "," 1,926 ", 173 , 81 , 1 , - ," 2,470 ",,,,
, 객실수 ," 12,971 "," 11,050 "," 1,603 ", 3 , 2 , 313 ," 51,191 "," 46,555 "," 4,636 ", 259 , 110 , - ," 64,531 ",,,,
"2018년
(12.31기준)",  업체수  , 298 , 149 , 5 , 1 , 1 , 142 ," 1,789 "," 1,687 ", 102 , 80 , 1 ,," 2,168 ",,,,
,  객실수  ," 13,353 "," 11,434 "," 1,603 ", 3 , 2 , 311 ," 49,155 "," 45,926 "," 3,229 ", 265 , 110 ,," 62,883 ",,,,
"2019년
(12.31.기준)",  업체수  , 316 , 157 , 6 , - , 2 , 151 ," 2,018 "," 1,815 ", 203 , 94 , 1 ,," 2,429 ",,,,
,  객실수  ," 13,128 "," 11,121 "," 1,678 ", - , 3 , 326 ," 54,361 "," 48,288 "," 6,073 ", 296 , 110 ,," 67,895 ",,,,
"2020년
(12.31.기준)", 업체수 , 333 , 181 , 6 , 3 , 2 , 141 ," 2,009 "," 1,814 ", 195 , 110 , 1 , - ," 2,453 ",,,,
, 객실수 ," 14,697 "," 12,739 "," 1,678 ", 9 , 3 , 268 ," 64,208 "," 57,827 "," 6,381 ", 329 , 110 , - ," 79,344 ",,,,
"2021년
(12.31.기준)", 업체수 , 344 , 194 , 6 , 4 , 4 , 136 ," 2,135 "," 1,890 ", 245 , 102 , 1 , - ," 2,582 ",,,,
, 객실수 ," 15,395 "," 13,453 "," 1,678 ", 11 , 8 , 245 ," 64,188 "," 56,837 "," 7,351 ", 293 , 110 , - ," 79,986 ",,,,
,,," 15,131 ",,,,,,,,,,,,,,,
 (대구시) ,,,,,,,,,,,,,,,,,,
 구분 ,, 관광진흥법 ,,,,,, 공중위생법 ,,, 농어촌정비법 , 청소년활동진흥법 , 제주특별법 , 계 ,,,,
,, 소계 , 호텔업 , 휴양콘도미니엄업 , 관광펜션업 , 한옥체험업 , 외국인도시민박업 , 계 , 일반숙박업 , 생활숙박업 , 농어촌민박업 , 유스호스텔 , 휴양펜션업 ,,,,,
" 2012년
(12.31기준) ", 업체수 , 38 , 20 , - , - , 5 , 13 ," 1,022 "," 1,018 ", 4 , 3 , 1 , - ," 1,064 ",,,,
, 객실수 ," 1,994 "," 1,942 ", - , - , 22 , 30 ," 21,543 "," 21,464 ", 79 , 7 , 85 , - ," 23,629 ",,,,
" 2013년
(12.31기준) ", 업체수 , 41 , 19 , - , - , 9 , 13 ," 1,010 "," 1,006 ", 4 , 4 , 1 , - ," 1,056 ",,,,
, 객실수 ," 1,909 "," 1,845 ", - , - , 37 , 27 ," 22,986 "," 22,907 ", 79 , 9 , 85 , - ," 24,989 ",,,,
" 2014년
(12.31기준) ", 업체수 , 43 , 19 , - , - , 13 , 11 ," 1,000 ", 996 , 4 , 6 , 1 , - ," 1,050 ",,,,
, 객실수 ," 1,984 "," 1,903 ", - , - , 57 , 24 ," 23,440 "," 23,361 ", 79 , 13 , 85 , - ," 25,522 ",,,,
" 2015년
(12.31기준) ", 업체수 , 58 , 21 , - , - , 15 , 22 , 973 , 969 , 4 , 9 , 1 , - ," 1,041 ",,,,
, 객실수 ," 2,154 "," 2,008 ", - , - , 63 , 83 ," 22,998 "," 22,919 ", 79 , 18 , 85 , - ," 25,255 ",,,,
"2016년
(12.31기준)", 업체수 , 66 , 22 , - , - , 17 , 27 , 971 , 966 , 5 , 9 , 1 , - ," 1,047 ",,,,
, 객실수 ," 2,152 "," 2,005 ", - , - , 71 , 76 ," 24,237 "," 24,130 ", 107 , 19 , 31 , - ," 26,439 ",,,,
"2017년
(12.31기준)", 업체수 , 78 , 26 , - , - , 20 , 32 , 941 , 935 , 6 , 10 , 2 , - ," 1,031 ",,,,
, 객실수 ," 2,324 "," 2,163 ", - , - , 83 , 78 ," 24,273 "," 24,155 ", 118 , 21 , 111 , - ," 26,729 ",,,,
"2018년
(12.31.기준)",  업체수  , 81 , 23 , - , - , 22 , 36 , 897 , 892 , 5 , 10 , 2 ,, 990 ,,,,
,  객실수  ," 2,242 "," 2,064 ", - , - , 92 , 86 ," 23,484 "," 23,392 ", 92 , 21 , 109 ,," 25,856 ",,,,
"2019년
(12.31.기준)",  업체수  , 89 , 27 ,,, 24 , 38 , 839 , 834 , 5 , 8 , 2 , - , 938 ,,,,
,  객실수  ," 2,537 "," 2,336 ",,, 96 , 105 ," 22,779 "," 22,687 ", 92 , 19 , 109 , - ," 25,444 ",,,,
"2020년
(12.31.기준)", 업체수 , 87 , 29 , - , - , 25 , 33 , 778 , 773 , 5 , 4 , 2 ,, 871 ,,,,
, 객실수 ," 2,717 "," 2,544 ", - , - , 93 , 80 ," 21,633 "," 21,541 ", 92 , 11 , 108 ,," 24,469 ",,,,
"2021년
(12.31.기준)", 업체수 , 87 , 33 ,,, 24 , 30 , 725 , 719 , 6 , 5 , 2 ,, 819 ,,,,
, 객실수 ," 2,872 "," 2,689 ",,, 90 , 93 ," 20,453 "," 20,357 ", 96 , 12 , 108 , - ," 23,445 ",,,,
 (인천시) ,,,,,,,,,,,,,,,,,,
 구분 ,, 관광진흥법 ,,,,,, 공중위생법 ,,, 농어촌정비법 , 청소년활동진흥법 , 제주특별법 , 계 ,,,,
,, 소계 , 호텔업 , 휴양콘도미니엄업 , 관광펜션업 , 한옥체험업 , 외국인도시민박업 , 계 , 일반숙박업 , 생활숙박업 , 농어촌민박업 , 유스호스텔 , 휴양펜션업 ,,,,,
" 2012년
(12.31기준) ", 업체수 , 73 , 51 , 2 , 4 , 3 , 13 ," 1,142 "," 1,115 ", 27 , 522 , 3 , - ," 1,740 ",,,,
, 객실수 ," 4,607 "," 4,199 ", 351 , 16 , 16 , 25 ," 25,109 "," 24,310 ", 799 ," 1,305 ", 193 , - ," 31,214 ",,,,
" 2013년
(12.31기준) ", 업체수 , 93 , 57 , 2 , 4 , 4 , 26 ," 1,163 "," 1,125 ", 38 , 555 , 4 , - ," 1,815 ",,,,
, 객실수 ," 5,001 "," 4,551 ", 351 , 16 , 15 , 68 ," 24,329 "," 23,016 "," 1,313 "," 1,459 ", 223 , - ," 31,012 ",,,,
" 2014년
(12.31기준) ", 업체수 , 132 , 86 , 2 , 4 , 6 , 34 ," 1,192 "," 1,136 ", 56 , 602 , 3 , - ," 1,929 ",,,,
, 객실수 ," 8,994 "," 8,528 ", 336 , 16 , 26 , 88 ," 25,220 "," 23,146 "," 2,074 "," 1,846 ", 193 , - ," 36,253 ",,,,
" 2015년
(12.31기준) ", 업체수 , 153 , 88 , 2 , 5 , 7 , 51 ," 1,258 "," 1,189 ", 69 , 639 , 3 , - ," 2,053 ",,,,
, 객실수 ," 7,963 "," 7,469 ", 335 , 21 , 32 , 106 ," 27,102 "," 24,792 "," 2,310 "," 1,909 ", 193 , - ," 37,167 ",,,,
"2016년
(12.31기준)", 업체수 , 198 , 108 , 2 , 8 , 9 , 71 ," 1,231 "," 1,137 ", 94 ," 1,227 ", 4 , - ," 2,660 ",,,,
, 객실수 ," 8,656 "," 7,970 ", 351 , 88 , 34 , 213 ," 28,022 "," 25,132 "," 2,890 "," 4,496 ", 223 , - ," 41,397 ",,,,
"2017년
(12.31기준)", 업체수 , 223 , 126 , 2 , 12 , 9 , 74 ," 1,157 "," 1,078 ", 79 ," 1,215 ", 5 , - ," 2,600 ",,,,
, 객실수 ," 9,993 "," 9,232 ", 351 , 139 , 34 , 237 ," 29,430 "," 27,242 "," 2,188 "," 4,830 ", 247 , - ," 44,500 ",,,,
"2018년
(12.31.기준)", 업체수 , 251 , 145 , 2 , 17 , 12 , 75 ," 1,296 "," 1,126 ", 170 ," 1,219 ", 5 , - ," 2,771 ",,,,
, 객실수 ," 11,217 "," 10,376 ", 351 , 185 , 47 , 258 ," 30,588 "," 27,038 "," 3,550 "," 4,568 ", 240 , - ," 46,613 ",,,,
"2019년
(12.31.기준)",  업체수  , 274 , 159 , 2 , 18 , 12 , 83 ," 1,209 "," 1,006 ", 203 ," 1,226 ", 5 , - ," 2,714 ",,,,
,  객실수  ," 11,511 "," 10,645 ", 351 , 215 , 39 , 261 ," 31,084 "," 26,908 "," 4,176 "," 4,559 ", 247 , - ," 47,401 ",,,,
"2020년
(12.31.기준)", 업체수 , 275 , 162 , 2 , 19 , 11 , 81 ," 1,228 "," 1,016 ", 212 ," 1,218 ", 5 , - ," 2,726 ",,,,
, 객실수 ," 11,610 "," 10,765 ", 351 , 219 , 38 , 237 ," 34,342 "," 29,711 "," 4,631 "," 4,490 ", 247 , - ," 50,689 ",,,,
"2021년
(12.31.기준)", 업체수 , 200 , 91 , 2 , 21 , 12 , 74 ," 1,233 ", 955 , 278 ," 1,202 ", 2 , - ," 2,637 ",,,,
, 객실수 ," 10,653 "," 9,815 ", 334 , 257 , 48 , 199 ," 31,436 "," 27,605 "," 3,831 "," 4,379 ", 131 , - ," 46,783 ",,,,
 (광주시) ,,,,,,,,,,,,,,,,,,
 구분 ,, 관광진흥법 ,,,,,, 공중위생법 ,,, 농어촌정비법 , 청소년활동진흥법 , 제주특별법 , 계 ,,,,
,, 소계 , 호텔업 , 휴양콘도미니엄업 , 관광펜션업 , 한옥체험업 , 외국인도시민박업 , 계 , 일반숙박업 , 생활숙박업 , 농어촌민박업 , 유스호스텔 , 휴양펜션업 ,,,,,
" 2012년
(12.31기준) ", 업체수 , 20 , 19 , - , - , 1 , - , 750 , 744 , 6 , - , 2 , - , 772 ,,,,
, 객실수 ," 1,282 "," 1,276 ", - , - , 6 , - ," 18,856 "," 18,750 ", 106 , - , 5 , - ," 20,143 ",,,,
" 2013년
(12.31기준) ", 업체수 , 24 , 18 , - , - , 1 , 5 , 765 , 758 , 7 , - , 2 , - , 791 ,,,,
, 객실수 ," 1,254 "," 1,234 ", - , - , 6 , 14 ," 19,311 "," 19,201 ", 110 , - , 5 , - ," 20,570 ",,,,
" 2014년
(12.31기준) ", 업체수 , 30 , 18 , - , - , 2 , 10 , 779 , 771 , 8 , - , 3 , - , 812 ,,,,
, 객실수 ," 1,272 "," 1,234 ", - , - , 7 , 31 ," 19,644 "," 19,527 ", 117 , - , 9 , - ," 20,925 ",,,,
" 2015년
(12.31기준) ", 업체수 , 48 , 18 , - , - , 4 , 26 , 801 , 788 , 13 , - , 3 , - , 852 ,,,,
, 객실수 ," 1,313 "," 1,234 ", - , - , 16 , 63 ," 20,334 "," 20,124 ", 210 , - , 9 , - ," 21,656 ",,,,
"2016년
(12.31기준)", 업체수 , 53 , 17 ,,, 8 , 28 , 806 , 791 , 15 , - , 3 , - , 862 ,,,,
, 객실수 ," 1,291 "," 1,194 ", - , - , 34 , 63 ," 20,719 "," 20,407 ", 312 , - , 9 , - ," 22,019 ",,,,
"2017년
(12.31기준)", 업체수 , 51 , 15 , - , - , 10 , 26 , 767 , 747 , 20 , 3 , - , - , 821 ,,,,
, 객실수 ," 1,187 "," 1,065 ", - , - , 47 , 75 ," 19,728 "," 19,297 ", 431 , 9 , - , - ," 20,924 ",,,,
"2018년
(12.31.기준)", 업체수 , 43 , 13 , - , - , 10 , 20 , 731 , 709 , 22 , 3 , - , - , 777 ,,,,
, 객실수 ," 1,073 ", 947 , - , - , 44 , 82 ," 18,557 "," 18,105 ", 452 , 9 , - , - ," 19,639 ",,,,
"2019년
(12.31.기준)",  업체수  , 51 , 14 , - , - , 9 , 28 , 687 , 660 , 27 , 1 , - , - , 739 ,,,,
,  객실수  ," 1,182 "," 1,056 ", - , - , 41 , 85 ," 17,680 "," 17,085 ", 595 , 2 , - , - ," 18,864 ",,,,
"2020년
(12.31.기준)", 업체수 , 46 , 14 , - , - , 8 , 24 , 667 , 637 , 30 , 2 , - , - , 715 ,,,,
, 객실수 ," 1,182 "," 1,056 ", - , - , 37 , 89 ," 18,568 "," 17,538 "," 1,030 ", 5 , - , - ," 19,755 ",,,,
"2021년
(12.31.기준)", 업체수 , 47 , 14 , - , - , 9 , 24 , 657 , 627 , 30 , 3 , - , - , 707 ,,,,
, 객실수 ," 1,251 "," 1,145 ", - , - , 25 , 81 ," 17,512 "," 16,448 "," 1,064 ", 7 , - , - ," 18,770 ",,,,
 (대전시) ,,,,,,,,,,,,,,,,,,
 구분 ,, 관광진흥법 ,,,,,, 공중위생법 ,,, 농어촌정비법 , 청소년활동진흥법 , 제주특별법 , 계 ,,,,
,, 소계 , 호텔업 , 휴양콘도미니엄업 , 관광펜션업 , 한옥체험업 , 외국인도시민박업 , 계 , 일반숙박업 , 생활숙박업 , 농어촌민박업 , 유스호스텔 , 휴양펜션업 ,,,,,
" 2012년
(12.31기준) ", 업체수 , 22 , 20 , - , - , - , 2 , 865 , 862 , 3 , - , 8 , - , 895 ,,,,
, 객실수 ," 1,674 "," 1,672 ", - , - , - , 2 ," 20,286 "," 19,967 ", 319 , - , 282 , - ," 22,242 ",,,,
" 2013년
(12.31기준) ", 업체수 , 21 , 20 , - , - , - , 1 , 868 , 863 , 5 , - , 8 , - , 897 ,,,,
, 객실수 ," 1,486 "," 1,485 ", - , - , - , 1 ," 20,821 "," 20,224 ", 597 , - , 282 , - ," 22,589 ",,,,
" 2014년
(12.31기준) ", 업체수 , 25 , 23 , - , - , - , 2 , 871 , 863 , 8 , - , 8 , - , 904 ,,,,
, 객실수 ," 2,017 "," 2,015 ", - , - , - , 2 ," 22,451 "," 21,334 "," 1,117 ", - , 332 , - ," 24,800 ",,,,
" 2015년
(12.31기준) ", 업체수 , 25 , 21 , - , - , - , 4 , 876 , 868 , 8 , - , 8 , - , 909 ,,,,
, 객실수 ," 1,856 "," 1,851 ", - , - , - , 5 ," 22,848 "," 21,731 "," 1,117 ", - , 332 , - ," 25,036 ",,,,
"2016년
(12.31기준)", 업체수 , 23 , 21 , - , - , - , 2 , 841 , 813 , 28 , - , 1 , - , 865 ,,,,
, 객실수 ," 1,943 "," 1,939 ", - , - , - , 4 ," 20,880 "," 19,191 "," 1,689 ", - , 31 , - ," 22,854 ",,,,
"2017년
(12.31기준)", 업체수 , 23 , 20 , - , - , - , 3 , 814 , 780 , 34 , - , 1 , - , 838 ,,,,
, 객실수 ," 1,753 "," 1,747 ", - , - , - , 6 ," 20,630 "," 18,789 "," 1,841 ", - , 33 , - ," 22,416 ",,,,
"2018년
(12.31.기준)", 업체수 , 20 , 17 , - , - , - , 3 , 780 , 744 , 36 , 11 , - , - , 811 ,,,,
, 객실수 ," 1,631 "," 1,626 ", - , - , - , 5 ," 20,060 "," 18,210 "," 1,850 ", 25 , - , - ," 21,716 ",,,,
"2019년
(12.31.기준)",  업체수  , 20 , 16 , - , - , - , 4 , 768 , 731 , 37 , - , - , - , 788 ,,,,
,  객실수  ," 1,592 "," 1,584 ", - , - , - , 8 ," 20,086 "," 18,173 "," 1,913 ", - , - , - ," 21,678 ",,,,
"2020년
(12.31.기준)", 업체수 , 22 , 17 ,,,, 5 , 708 , 668 , 40 ,,,, 730 ,,,,
, 객실수 ," 1,516 "," 1,504 ",,,, 12 ," 19,175 "," 17,110 "," 2,065 ",,,," 20,691 ",,,,
"2021년
(12.31.기준)", 업체수 , 25 , 20 ,,,, 5 , 426 , 411 , 15 , 14 ,,, 465 ,,,,
, 객실수 ," 2,139 "," 2,132 ",,,, 7 ," 12,554 "," 11,101 "," 1,453 ", 32 ,, - ," 14,725 ",,,,
 (울산시) ,,,,,,,,,,,,,,,,,,
 구분 ,, 관광진흥법 ,,,,,, 공중위생법 ,,, 농어촌정비법 , 청소년활동진흥법 , 제주특별법 , 계 ,,,,
,, 소계 , 호텔업 , 휴양콘도미니엄업 , 관광펜션업 , 한옥체험업 , 외국인도시민박업 , 계 , 일반숙박업 , 생활숙박업 , 농어촌민박업 , 유스호스텔 , 휴양펜션업 ,,,,,
" 2012년
(12.31기준) ", 업체수 , 9 , 8 , - , - , 1 , - , 701 , 679 , 22 , 143 , - , - , 853 ,,,,
, 객실수 , 828 , 818 , - , - , 10 , - ," 14,546 "," 14,187 ", 359 , 685 , - , - ," 16,059 ",,,,
" 2013년
(12.31기준) ", 업체수 , 13 , 11 , - , - , 1 , 1 , 714 , 688 , 26 , 162 , - , - , 889 ,,,,
, 객실수 , 972 , 959 , - , - , 10 , 3 ," 15,034 "," 14,547 ", 487 , 667 , - , - ," 16,673 ",,,,
" 2014년
(12.31기준) ", 업체수 , 16 , 11 , - , 1 , 2 , 2 , 723 , 697 , 26 , 177 , - , - , 916 ,,,,
, 객실수 ," 1,030 ", 998 , - , 9 , 17 , 6 ," 15,263 "," 14,776 ", 487 , 722 , - , - ," 17,015 ",,,,
" 2015년
(12.31기준) ", 업체수 , 20 , 12 , - , 4 , 2 , 2 , 740 , 710 , 30 , 152 , - , - , 912 ,,,,
, 객실수 ," 1,592 "," 1,539 ", - , 30 , 17 , 6 ," 15,840 "," 15,268 ", 572 , 680 , - , - ," 18,112 ",,,,
"2016년
(12.31기준)", 업체수 , 22 , 14 , - , 4 , 2 , 2 , 734 , 701 , 33 , 149 , - , - , 905 ,,,,
, 객실수 ," 1,724 "," 1,676 ", - , 30 , 7 , 11 ," 14,581 "," 13,959 ", 622 , 641 , - , - ," 16,946 ",,,,
"2017년
(12.31기준)", 업체수 , 22 , 13 , - , 2 , 2 , 5 , 585 , 552 , 33 , 12 , - , - , 619 ,,,,
, 객실수 ," 1,666 "," 1,624 ", - , 12 , 17 , 13 ," 13,769 "," 13,201 ", 568 , 42 , - , - ," 15,477 ",,,,
"2018년
(12.31.기준)",  업체수  , 35 , 15 , - , 3 , 1 , 16 , 741 , 701 , 40 , 155 ,,, 931 ,,,,
,  객실수  ," 2,176 "," 2,115 ", - , 21 , 7 , 33 ," 18,571 "," 17,744 ", 827 , 627 ,,," 21,374 ",,,,
"2019년
(12.31.기준)",  업체수  , 38 , 18 , - , 5 , 2 , 13 , 744 , 701 , 43 , 175 , - , - , 957 ,,,,
,  객실수  ," 2,640 "," 2,575 ", - , 28 , 9 , 28 ," 18,864 "," 17,937 ", 927 , 829 , - , - ," 22,333 ",,,,
"2020년
(12.31.기준)", 업체수 , 37 , 19 , - , 5 , 2 , 11 , 721 , 677 , 44 , 227 , - , - , 985 ,,,,
, 객실수 ," 2,573 "," 2,535 ", - , 5 , 9 , 24 ," 18,691 "," 15,972 "," 2,719 ", 763 , - , - ," 22,027 ",,,,
"2021년
(12.31.기준)", 업체수 , 24 , 20 , - , - , - , 4 ," 6,875 "," 6,863 ", 12 , 69 , - , - ," 6,948 ",,,,
, 객실수 ," 2,645 "," 2,639 ", - , 1 , 2 , 3 , 513 , 509 , 4 , 23 , - , - , 542 ,,,,
 (세종시) ,,,,,,,,,,,,,,,,,,
 구분 ,, 관광진흥법 ,,,,,, 공중위생법 ,,, 농어촌정비법 , 청소년활동진흥법 , 제주특별법 , 계 ,,,,
,, 소계 , 호텔업 , 휴양콘도미니엄업 , 관광펜션업 , 한옥체험업 , 외국인도시민박업 , 계 , 일반숙박업 , 생활숙박업 , 농어촌민박업 , 유스호스텔 , 휴양펜션업 ,,,,,
" 2012년
(12.31기준) ", 업체수 , - ,,,,,, 81 , 81 ,, 2 , - , - , 83 ,,,,
, 객실수 , - ,,,,,," 1,312 "," 1,312 ",, 10 , - , - ," 1,322 ",,,,
" 2013년
(12.31기준) ", 업체수 , - ,,,,,, 81 , 81 ,, 2 , - , - , 83 ,,,,
, 객실수 , - ,,,,,," 1,312 "," 1,312 ",, 10 , - , - ," 1,322 ",,,,
" 2014년
(12.31기준) ", 업체수 , - ,,,,,, 89 , 88 , 1 , 4 , - , - , 93 ,,,,
, 객실수 , - ,,,,,," 1,405 "," 1,401 ", 4 , 14 , - , - ," 1,419 ",,,,
" 2015년
(12.31기준) ", 업체수 , 1 ,,,,, 1 , 90 , 89 , 1 , 5 , - , - , 96 ,,,,
, 객실수 , 2 ,,,,, 2 ," 1,428 "," 1,424 ", 4 , 20 , - , - ," 1,450 ",,,,
"2016년
(12.31기준)", 업체수 , 1 , - , - , - , - , 1 , 87 , 86 , 1 , 5 , - , - , 93 ,,,,
, 객실수 , 2 , - , - , - , - , 2 ," 1,418 "," 1,414 ", 4 , 15 , - , - ," 1,435 ",,,,
"2017년
(12.31기준)", 업체수 , 4 , - , - , 1 , 2 , 1 , 85 , 84 , 1 , 5 , - , - , 94 ,,,,
, 객실수 , 12 , - , - , 5 , 5 , 2 ," 1,375 "," 1,371 ", 4 , 12 , - , - ," 1,399 ",,,,
"2018년
(12.31기준)", 업체수 , 5 , - , - , 1 , 3 , 1 , 83 , 82 , 1 , 7 , - , - , 95 ,,,,
, 객실수 , 13 , - , - , 5 , 7 , 1 ," 1,379 "," 1,378 ", 1 , 19 , - , - ," 1,411 ",,,,
"2019년
(12.31.기준)",  업체수  , 6 , - , - , - , 4 , 2 , 84 , 83 , 1 , 8 , - , - , 98 ,,,,
,  객실수  , 21 , - , - , - , 17 , 4 ," 1,382 "," 1,378 ", 4 , 21 , - , - ," 1,424 ",,,,
"2020년
(12.31.기준)", 업체수 , 8 , - , - , 1 , 5 , 2 , 80 , 79 , 1 , 10 , - , - , 98 ,,,,
, 객실수 , 39 , - , - , 11 , 24 , 4 ," 1,342 "," 1,338 ", 4 , 30 , - , - ," 1,411 ",,,,
"2021년
(12.31.기준)", 업체수 , 7 , - , - , - , 5 , 2 , 79 , 77 , 2 , 12 , - , - , 98 ,,,,
, 객실수 , 23 , - , - , - , 21 , 2 ," 1,683 "," 1,312 ", 371 , 34 , - , - ," 1,740 ",,,,
 (경기도) ,,,,,,,,,,,,,,,,,,
 구분 ,, 관광진흥법 ,,,,,, 공중위생법 ,,, 농어촌정비법 , 청소년활동진흥법 , 제주특별법 , 계 ,,,,
,, 소계 , 호텔업 , 휴양콘도미니엄업 , 관광펜션업 , 한옥체험업 , 외국인도시민박업 , 계 , 일반숙박업 , 생활숙박업 , 농어촌민박업 , 유스호스텔 , 휴양펜션업 ,,,,,
" 2012년
(12.31기준) ", 업체수 , 186 , 93 , 16 , 27 , 14 , 36 ," 3,808 "," 3,726 ", 82 ," 1,368 ", 18 , - ," 5,380 ",,,,
, 객실수 ," 9,950 "," 6,424 "," 3,100 ", 268 , 113 , 45 ," 86,089 "," 83,168 "," 2,921 "," 4,717 ", 974 , - ," 101,730 ",,,,
" 2013년
(12.31기준) ", 업체수 , 228 , 101 , 16 , 30 , 14 , 67 ," 4,007 "," 3,904 ", 103 ," 1,575 ", 19 , - ," 5,829 ",,,,
, 객실수 ," 11,329 "," 7,646 "," 3,204 ", 281 , 111 , 87 ," 91,096 "," 87,823 "," 3,273 "," 5,318 ", 998 , - ," 108,741 ",,,,
" 2014년
(12.31기준) ", 업체수 , 247 , 110 , 16 , 32 , 18 , 71 ," 4,105 "," 3,983 ", 122 ," 1,841 ", 20 , - ," 6,213 ",,,,
, 객실수 ," 12,387 "," 8,653 "," 3,216 ", 294 , 133 , 91 ," 94,450 "," 90,616 "," 3,834 "," 6,079 "," 1,011 ", - ," 113,927 ",,,,
" 2015년
(12.31기준) ", 업체수 , 270 , 128 , 15 , 32 , 18 , 77 ," 4,248 "," 4,088 ", 160 ," 2,282 ", 20 , - ," 6,820 ",,,,
, 객실수 ," 13,504 "," 9,902 "," 3,073 ", 297 , 131 , 101 ," 99,001 "," 94,323 "," 4,678 "," 7,134 "," 1,011 ", - ," 120,650 ",,,,
"2016년
(12.31기준)", 업체수 , 284 , 138 , 16 , 27 , 31 , 72 ," 4,433 "," 4,324 ", 109 ," 2,425 ", 13 , - ," 7,155 ",,,,
, 객실수 ," 14,902 "," 11,212 "," 3,150 ", 277 , 156 , 107 ," 107,325 "," 103,742 "," 3,583 "," 8,399 ", 777 , - ," 131,403 ",,,,
"2017년
(12.31기준)", 업체수 , 310 , 140 , 17 , 41 , 39 , 73 ," 4,386 "," 4,258 ", 128 ," 2,810 ", 9 , - ," 7,515 ",,,,
, 객실수 ," 15,516 "," 11,623 "," 3,233 ", 364 , 180 , 116 ," 108,517 "," 104,766 "," 3,751 "," 9,373 ", 492 , - ," 133,898 ",,,,
"2018년
(12.31.기준)", 업체수 , 336 , 153 , 17 , 57 , 44 , 65 ," 4,572 "," 4,274 ", 298 ," 3,028 ", 11 , - ," 7,947 ",,,,
, 객실수 ," 16,537 "," 12,608 "," 3,171 ", 481 , 173 , 104 ," 117,225 "," 110,621 "," 6,604 "," 9,922 ", 406 , - ," 144,090 ",,,,
"2019년
(12.31기준)", 업체수 , 367 , 161 , 17 , 65 , 47 , 77 ," 4,335 "," 3,996 ", 339 ," 3,030 ", 10 , - ," 7,742 ",,,,
, 객실수 ," 17,605 "," 13,540 "," 3,221 ", 538 , 180 , 126 ," 110,321 "," 103,726 "," 6,595 "," 9,592 ", 274 , - ," 137,792 ",,,,
"2020년
(12.31.기준)", 업체수 , 376 , 168 , 19 , 75 , 47 , 67 ," 4,542 "," 4,083 ", 459 ," 3,353 ", 11 , - ," 8,282 ",,,,
, 객실수 ," 18,331 "," 14,042 "," 3,422 ", 574 , 179 , 114 ," 118,082 "," 109,875 "," 8,207 "," 9,730 ", 336 , - ," 146,479 ",,,,
"2021년
(12.31.기준)", 업체수 , 380 , 171 , 19 , 77 , 55 , 58 ," 3,909 "," 3,324 ", 585 ," 3,147 ", 6 , - ," 7,442 ",,,,
, 객실수 ," 19,112 "," 14,758 "," 3,418 ", 610 , 224 , 102 ," 98,452 "," 90,516 "," 7,936 "," 9,853 ", 117 , - ," 127,534 ",,,,
 (강원도) ,,,,,,,,,,,,,,,,,,
 구분 ,, 관광진흥법 ,,,,,, 공중위생법 ,,, 농어촌정비법 , 청소년활동진흥법 , 제주특별법 , 계 ,,,,
,, 소계 , 호텔업 , 휴양콘도미니엄업 , 관광펜션업 , 한옥체험업 , 외국인도시민박업 , 계 , 일반숙박업 , 생활숙박업 , 농어촌민박업 , 유스호스텔 , 휴양펜션업 ,,,,,
" 2012년
(12.31기준) ", 업체수 , 191 , 45 , 59 , 67 , 20 , - ," 2,295 "," 2,216 ", 79 ," 5,599 ",17 , - ," 8,102 ",,,,
, 객실수 ," 24,466 "," 5,238 "," 18,502 ", 607 , 119 , - ," 47,760 "," 46,158 "," 1,602 "," 21,948 ","1,166 ", - ," 95,340 ",,,,
" 2013년
(12.31기준) ", 업체수 , 211 , 51 , 60 , 73 , 23 , 4 ," 2,098 "," 1,866 ", 232 ," 5,875 ",16 , - ," 8,200 ",,,,
, 객실수 ," 25,773 "," 5,576 "," 19,415 ", 642 , 133 , 7 ," 46,636 "," 41,686 "," 4,950 "," 23,030 ","1,126 ", - ," 96,565 ",,,,
" 2014년
(12.31기준) ", 업체수 , 227 , 55 , 65 , 74 , 24 , 9 ," 2,088 "," 1,800 ", 288 ," 6,158 ",16 , - ," 8,489 ",,,,
, 객실수 ," 25,697 "," 5,843 "," 19,025 ", 645 , 150 , 34 ," 41,947 "," 35,802 "," 6,145 "," 24,140 ","1,126 ", - ," 92,910 ",,,,
" 2015년
(12.31기준) ", 업체수 , 240 , 55 , 67 , 75 , 26 , 17 ," 2,137 "," 1,801 ", 336 ," 5,494 ",14 , - ," 7,885 ",,,,
, 객실수 ," 25,742 "," 5,819 "," 19,070 ", 622 , 161 , 70 ," 45,926 "," 38,758 "," 7,168 "," 21,560 ","1,005 ", - ," 94,233 ",,,,
"2016년
(12.31기준)", 업체수 , 237 , 53 , 74 , 59 , 26 , 25 ," 2,145 "," 1,804 ", 341 ," 4,925 ",8 , - ," 7,315 ",,,,
, 객실수 ," 26,477 "," 5,765 "," 20,009 ", 472 , 140 , 91 ," 54,845 "," 45,271 "," 9,574 "," 18,782 ",484 , - ," 100,588 ",,,,
"2017년
(12.31기준)", 업체수 , 281 , 59 , 75 , 74 , 31 , 42 ," 2,097 "," 1,683 ", 414 ," 5,371 ", 12 , - ," 7,761 ",,,,
, 객실수 ," 27,761 "," 6,480 "," 20,315 ", 608 , 224 , 134 ," 52,774 "," 41,858 "," 10,916 "," 19,549 ", 846 , - ," 100,930 ",,,,
"2018년
(12.31.기준)",  업체수  , 304 , 70 , 75 , 79 , 32 , 48 ," 2,356 "," 1,833 ", 523 ," 5,535 ", 12 , -  ," 8,207 ",,,,
,  객실수  ," 28,584 "," 6,966 "," 20,623 ", 614 , 233 , 148 ," 67,023 "," 52,436 "," 14,587 "," 19,988 ", 888 , -  ," 116,483 ",,,,
"2019년
(12.31기준)", 업체수 , 309 , 70 , 76 , 77 , 33 , 53 ," 2,427 "," 1,834 ", 593 ," 5,704 ", 11 , - ," 8,451 ",,,,
, 객실수 ," 28,431 "," 6,887 "," 20,576 ", 571 , 246 , 151 ," 61,514 "," 46,939 "," 14,575 "," 16,290 ", 884 , - ," 107,119 ",,,,
"2020년
(12.31.기준)", 업체수 , 331 , 79 , 77 , 82 , 31 , 62 ," 2,467 "," 1,786 ", 681 ," 5,279 ", 8 ,," 8,085 ",,,,
, 객실수 ," 28,364 "," 6,968 "," 21,080 ", 574 , 212 , 159 ," 79,855 "," 57,545 "," 22,310 "," 17,815 ", 668 ,," 126,702 ",,,,
"2021년
(12.31.기준)", 업체수 , 394 , 104 , 78 , 92 , 40 , 80 ," 2,498 "," 1,796 ", 702 ," 5,607 ", 8 , - ," 8,507 ",,,,
, 객실수 ," 29,455 "," 7,455 "," 21,023 ", 633 , 188 , 156 ," 74,329 "," 56,795 "," 17,534 "," 19,731 ", 814 , - ," 124,329 ",,,,
 (충청북도) ,,,,,,,,,,,,,,,,,,
 구분 ,, 관광진흥법 ,,,,,, 공중위생법 ,,, 농어촌정비법 , 청소년활동진흥법 , 제주특별법 , 계 ,,,,
,, 소계 , 호텔업 , 휴양콘도미니엄업 , 관광펜션업 , 한옥체험업 , 외국인도시민박업 , 계 , 일반숙박업 , 생활숙박업 , 농어촌민박업 , 유스호스텔 , 휴양펜션업 ,,,,,
" 2012년
(12.31기준) ", 업체수 , 55 , 24 , 8 , 9 , 14 ,," 1,009 "," 1,003 ", 6 ," 1,060 ", 10 , - ," 2,134 ",,,,
, 객실수 ," 4,078 "," 1,808 "," 2,180 ", 24 , 66 ,," 22,659 "," 22,490 ", 169 ," 4,770 ", 402 , - ," 31,909 ",,,,
" 2013년
(12.31기준) ", 업체수 , 62 , 23 , 8 , 9 , 21 , 1 ," 1,016 "," 1,007 ", 9 ," 1,157 ", 11 , - ," 2,246 ",,,,
, 객실수 ," 4,048 "," 1,749 "," 2,180 ", 24 , 93 , 2 ," 23,175 "," 22,950 ", 225 ," 5,093 ", 511 , - ," 32,827 ",,,,
" 2014년
(12.31기준) ", 업체수 , 65 , 23 , 8 , 9 , 22 , 3 ," 1,031 "," 1,022 ", 9 ," 1,279 ", 6 , - ," 2,381 ",,,,
, 객실수 ," 4,072 "," 1,764 "," 2,180 ", 24 , 98 , 6 ," 23,584 "," 23,359 ", 225 ," 5,517 ", 306 , - ," 33,479 ",,,,
" 2015년
(12.31기준) ", 업체수 , 69 , 25 , 8 , 9 , 23 , 4 ," 1,052 "," 1,042 ", 10 ," 1,519 ", 5 , - ," 2,645 ",,,,
, 객실수 ," 3,957 "," 1,856 "," 1,969 ", 23 , 101 , 8 ," 24,224 "," 23,977 ", 247 ," 6,339 ", 291 , - ," 34,811 ",,,,
"2016년
(12.31기준)", 업체수 , 73 , 26 , 8 , 8 , 26 , 5 ," 1,075 "," 1,057 ", 18 ," 1,138 ", 6 , - ," 2,292 ",,,,
, 객실수 ," 4,063 "," 1,936 "," 1,983 ", 22 , 111 , 11 ," 26,318 "," 25,999 ", 319 ," 3,502 ", 263 , - ," 34,146 ",,,,
"2017년
(12.31기준)", 업체수 , 74 , 24 , 8 , 9 , 26 , 7 ," 1,080 "," 1,059 ", 21 , 991 , 8 , - ," 2,153 ",,,,
, 객실수 ," 3,986 "," 1,863 "," 1,977 ", 25 , 103 , 18 ," 26,534 "," 26,000 ", 534 ," 3,667 ", 417 , - ," 34,604 ",,,,
"2018년
(12.31.기준)", 업체수 , 72 , 25 , 8 , 5 , 28 , 6 ," 1,088 "," 1,060 ", 28 ," 1,176 ", 8 ,," 2,344 ",,,,
, 객실수 ," 4,014 "," 1,869 "," 1,977 ", 20 , 130 , 18 ," 27,778 "," 26,659 "," 1,119 "," 3,583 ", 417 ,," 35,792 ",,,,
"2019년
(12.31.기준)",  업체수  , 70 , 23 , 9 , 6 , 28 , 4 ," 1,089 "," 1,059 ", 30 ," 1,323 ", 7 , - ," 2,489 ",,,,
,  객실수  ," 3,927 "," 1,753 "," 2,007 ", 24 , 129 , 14 ," 29,537 "," 28,378 "," 1,159 "," 3,898 ", 335 , - ," 37,697 ",,,,
"2020년
(12.31.기준)", 업체수 , 77 , 26 , 10 , 5 , 31 , 5 ," 1,078 "," 1,044 ", 34 ," 1,340 ", 4 ,," 2,499 ",,,,
, 객실수 ," 4,127 "," 1,871 "," 2,077 ", 18 , 146 , 15 ," 29,552 "," 27,974 "," 1,578 "," 4,061 ", 139 ,," 37,879 ",,,,
"2021년
(12.31.기준)", 업체수 , 78 , 27 , 8 , 6 , 31 , 6 ," 1,072 "," 1,035 ", 37 ," 1,328 ", 5 , - ," 2,483 ",,,,
, 객실수 ," 4,126 "," 1,846 "," 2,096 ", 28 , 142 , 14 ," 29,926 "," 28,157 "," 1,769 "," 3,987 ", 165 , - ," 38,204 ",,,,
 (충청남도) ,,,,,,,,,,,,,,,,,,
 구분 ,, 관광진흥법 ,,,,,, 공중위생법 ,,, 농어촌정비법 , 청소년활동진흥법 , 제주특별법 , 계 ,,,,
,, 소계 , 호텔업 , 휴양콘도미니엄업 , 관광펜션업 , 한옥체험업 , 외국인도시민박업 , 계 , 일반숙박업 , 생활숙박업 , 농어촌민박업 , 유스호스텔 , 휴양펜션업 ,,,,,
" 2012년
(12.31기준) ", 업체수 , 107 , 17 , 11 , 63 , 16 , - ," 1,991 "," 1,730 ", 261 ," 1,060 ", 10 , - ," 3,168 ",,,,
, 객실수 ," 4,012 "," 1,146 "," 2,001 ", 775 , 90 , - ," 44,847 "," 40,661 "," 4,186 "," 4,770 ", 402 , - ," 54,031 ",,,,
" 2013년
(12.31기준) ", 업체수 , 124 , 20 , 15 , 71 , 18 , - ," 2,035 "," 1,732 ", 303 ," 1,157 ", 11 , - ," 3,327 ",,,,
, 객실수 ," 5,008 "," 1,334 "," 2,679 ", 853 , 142 , - ," 45,310 "," 40,655 "," 4,655 "," 5,093 ", 511 , - ," 55,922 ",,,,
" 2014년
(12.31기준) ", 업체수 , 136 , 21 , 15 , 74 , 26 , - ," 2,097 "," 1,765 ", 332 ," 1,279 ", 6 , - ," 3,518 ",,,,
, 객실수 ," 5,224 "," 1,387 "," 2,764 ", 913 , 160 , - ," 46,977 "," 42,108 "," 4,869 "," 5,517 ", 306 , - ," 58,024 ",,,,
" 2015년
(12.31기준) ", 업체수 , 146 , 22 , 15 , 81 , 26 , 2 ," 2,102 "," 1,757 ", 345 ," 1,519 ", 5 , - ," 3,772 ",,,,
, 객실수 ," 5,321 "," 1,433 "," 2,764 ", 953 , 168 , 3 ," 47,363 "," 42,350 "," 5,013 "," 6,339 ", 291 , - ," 59,314 ",,,,
"2016년
(12.31기준)", 업체수 , 155 , 23 , 14 , 83 , 30 , 5 ," 2,195 "," 1,825 ", 370 ," 1,682 ", 6 , - ," 4,038 ",,,,
, 객실수 ," 5,612 "," 1,677 "," 2,749 ", 974 , 204 , 8 ," 47,422 "," 41,882 "," 5,540 "," 6,919 ", 338 , - ," 60,291 ",,,,
"2017년
(12.31기준)", 업체수 , 159 , 26 , 15 , 78 , 34 , 6 ," 2,116 "," 1,566 ", 550 ," 1,744 ", 6 , - ," 4,025 ",,,,
, 객실수 ," 5,687 "," 1,820 "," 2,764 ", 875 , 218 , 10 ," 47,028 "," 39,457 "," 7,571 "," 6,902 ", 339 , - ," 59,956 ",,,,
"2018년
(12.31.기준)",  업체수  , 172 , 25 , 15 , 90 , 37 , 5 ," 2,238 "," 1,786 ", 452 ," 1,846 ", 7 ,," 4,263 ",,,,
,  객실수  ," 5,822 "," 1,842 "," 2,764 ", 987 , 221 , 8 ," 50,673 "," 42,657 "," 8,016 "," 6,889 ", 409 ,," 63,793 ",,,,
"2019년
(12.31기준)", 업체수 , 180 , 24 , 15 , 92 , 46 , 3 ," 2,169 "," 1,696 ", 473 ," 1,798 ", 7 , - ," 4,154 ",,,,
, 객실수 ," 5,920 "," 1,809 "," 2,763 "," 1,038 ", 305 , 5 ," 50,702 "," 42,329 "," 8,373 "," 6,211 ", 407 , - ," 63,240 ",,,,
"2020년
(12.31.기준)", 업체수 , 194 , 23 , 14 , 95 , 58 , 4 ," 2,317 "," 1,755 ", 562 ," 1,765 ", 7 , - ," 4,283 ",,,,
, 객실수 ," 5,725 "," 1,760 "," 2,561 "," 1,054 ", 336 , 14 ," 51,779 "," 42,575 "," 9,207 "," 6,901 ", 405 , - ," 64,810 ",,,,
"2021년
(12.31.기준)", 업체수 , 197 , 22 , 15 , 98 , 54 , 8 ," 1,969 "," 1,396 ", 573 ," 1,668 ", 5 ,," 3,839 ",,,,
, 객실수 ," 5,883 "," 1,666 "," 2,860 "," 1,050 ", 283 , 24 ," 42,360 "," 33,701 "," 8,659 "," 6,345 ", 375 , - ," 54,963 ",,,,
 (전라북도) ,,,,,,,,,,,,,,,,,,
 구분 ,, 관광진흥법 ,,,,,, 공중위생법 ,,, 농어촌정비법 , 청소년활동진흥법 , 제주특별법 , 계 ,,,,
,, 소계 , 호텔업 , 휴양콘도미니엄업 , 관광펜션업 , 한옥체험업 , 외국인도시민박업 , 계 , 일반숙박업 , 생활숙박업 , 농어촌민박업 , 유스호스텔 , 휴양펜션업 ,,,,,
" 2012년
(12.31기준) ", 업체수 , 112 , 29 , 6 , 22 , 52 , 3 ," 1,314 "," 1,261 ", 53 , 909 , 5 , - ," 2,340 ",,,,
, 객실수 ," 4,941 "," 3,633 ", 763 , 228 , 304 , 13 ," 29,740 "," 28,948 ", 792 ," 3,383 ", 279 , - ," 38,343 ",,,,
" 2013년
(12.31기준) ", 업체수 , 192 , 33 , 6 , 23 , 99 , 31 ," 1,689 "," 1,630 ", 59 , 996 , 5 , - ," 2,882 ",,,,
, 객실수 ," 5,538 "," 3,914 ", 763 , 236 , 503 , 122 ," 32,796 "," 31,989 ", 807 ," 3,676 ", 279 , - ," 42,289 ",,,,
" 2014년
(12.31기준) ", 업체수 , 295 , 35 , 6 , 23 , 157 , 74 ," 2,086 "," 2,015 ", 71 ," 1,099 ", 7 , - ," 3,487 ",,,,
, 객실수 ," 6,127 "," 3,983 ", 769 , 236 , 829 , 310 ," 48,626 "," 47,576 "," 1,050 "," 3,996 ", 321 , - ," 59,070 ",,,,
" 2015년
(12.31기준) ", 업체수 , 379 , 39 , 6 , 28 , 199 , 107 ," 2,521 "," 2,431 ", 90 ," 1,263 ", 7 , - ," 4,170 ",,,,
, 객실수 ," 6,572 "," 4,045 ", 769 , 283 ," 1,031 ", 444 ," 59,128 "," 57,872 "," 1,256 "," 4,435 ", 321 , - ," 70,456 ",,,,
"2016년
(12.31기준)", 업체수 , 422 , 41 , 6 , 30 , 219 , 126 ," 1,471 "," 1,377 ", 94 ," 1,241 ", 7 , - ," 3,141 ",,,,
, 객실수 ," 6,822 "," 4,212 ", 738 , 265 ," 1,089 ", 518 ," 30,193 "," 29,103 "," 1,090 "," 4,427 ", 335 , - ," 41,777 ",,,,
"2017년
(12.31기준)", 업체수 , 461 , 42 , 6 , 31 , 243 , 139 ," 1,499 "," 1,393 ", 106 ," 1,253 ", 8 , - ," 3,221 ",,,,
, 객실수 ," 7,239 "," 4,334 ", 743 , 364 ," 1,235 ", 563 ," 33,710 "," 32,214 "," 1,496 "," 4,396 ", 466 , - ," 45,811 ",,,,
"2018년
(12.31.기준)", 업체수 , 473 , 44 , 6 , 34 , 247 , 142 ," 1,489 "," 1,382 ", 107 ," 1,257 ", 8 , - ," 3,227 ",,,,
, 객실수 ," 7,491 "," 4,552 ", 743 , 403 ," 1,226 ", 567 ," 33,033 "," 31,610 "," 1,423 "," 4,209 ", 412 , - ," 45,145 ",,,,
"2019년
(12.31기준)", 업체수 , 484 , 44 , 6 , 34 , 259 , 141 ," 1,493 "," 1,371 ", 122 ," 1,235 ", 8 , - ," 3,220 ",,,,
, 객실수 ," 7,451 "," 4,498 ", 743 , 408 ," 1,257 ", 545 ," 34,520 "," 32,876 "," 1,644 "," 4,160 ", 356 , - ," 46,487 ",,,,
"2020년
(12.31기준)", 업체수 , 512 , 44 , 6 , 56 , 258 , 140 ," 1,113 "," 1,032 ", 81 ," 1,066 ", 6 , - ," 2,697 ",,,,
, 객실수 ," 9,694 "," 6,242 ", 970 , 689 ," 1,255 ", 538 ," 31,027 "," 29,925 "," 1,102 "," 3,502 ", 192 , - ," 44,415 ",,,,
"2021년
(12.31기준)", 업체수 , 529 , 47 , 6 , 43 , 278 , 155 ," 1,561 "," 1,404 ", 157 ," 1,138 ", 6 , - ," 3,234 ",,,,
, 객실수 ," 7,658 "," 4,587 ", 714 , 528 ," 1,281 ", 548 ," 37,748 "," 35,506 "," 2,242 "," 3,790 ", 265 , - ," 49,463 ",,,,
 (전라남도) ,,,,,,,,,,,,,,,,,,
 구분 ,, 관광진흥법 ,,,,,, 공중위생법 ,,, 농어촌정비법 , 청소년활동진흥법 , 제주특별법 , 계 ,,,,
,, 소계 , 호텔업 , 휴양콘도미니엄업 , 관광펜션업 , 한옥체험업 , 외국인도시민박업 , 계 , 일반숙박업 , 생활숙박업 , 농어촌민박업 , 유스호스텔 , 휴양펜션업 ,,,,,
" 2012년
(12.31기준) ", 업체수 , 265 , 46 , 6 , 22 , 190 , 1 ," 1,603 "," 1,560 ", 43 ," 2,626 ", 6 , - ," 4,500 ",,,,
, 객실수 ," 4,717 "," 3,006 ", 960 , 211 , 538 , 2 ," 35,031 "," 34,102 ", 929 ," 8,384 ", 223 , - ," 48,355 ",,,,
" 2013년
(12.31기준) ", 업체수 , 313 , 47 , 8 , 24 , 230 , 4 ," 1,625 "," 1,571 ", 54 ," 2,864 ", 7 , - ," 4,809 ",,,,
, 객실수 ," 4,881 "," 2,952 "," 1,062 ", 227 , 628 , 12 ," 36,306 "," 35,240 "," 1,066 "," 9,362 ", 243 , - ," 50,792 ",,,,
" 2014년
(12.31기준) ", 업체수 , 377 , 62 , 8 , 31 , 270 , 6 ," 1,696 "," 1,619 ", 77 ," 3,210 ", 8 , - ," 5,291 ",,,,
, 객실수 ," 5,168 "," 3,167 ", 885 , 284 , 814 , 18 ," 37,774 "," 36,522 "," 1,252 "," 9,989 ", 273 , - ," 53,204 ",,,,
" 2015년
(12.31기준) ", 업체수 , 423 , 64 , 8 , 39 , 295 , 17 ," 1,762 "," 1,659 ", 103 ," 3,477 ", 8 , - ," 5,670 ",,,,
, 객실수 ," 5,582 "," 3,385 ", 913 , 335 , 890 , 59 ," 39,430 "," 37,983 "," 1,447 "," 10,787 ", 273 , - ," 56,072 ",,,,
"2016년
(12.31기준)", 업체수 , 505 , 139 , 7 , 45 , 295 , 19 ," 1,809 "," 1,681 ", 128 ," 3,105 ", 8 , - ," 5,427 ",,,,
, 객실수 ," 6,877 "," 4,502 ", 866 , 431 , 986 , 92 ," 41,389 "," 39,206 "," 2,183 "," 9,647 ", 274 , - ," 58,187 ",,,,
"2017년
(12.31기준)", 업체수 , 474 , 94 , 7 , 50 , 299 , 24 ," 1,872 "," 1,689 ", 183 ," 3,106 ", 8 , - ," 5,460 ",,,,
, 객실수 ," 7,416 "," 5,016 ", 863 , 443 , 998 , 96 ," 41,950 "," 39,140 "," 2,810 "," 8,913 ", 287 , - ," 58,566 ",,,,
"2018년
(12.31기준)", 업체수 , 634 , 248 , 9 , 60 , 278 , 39 ," 1,869 "," 1,692 ", 177 ," 3,263 ", 9 , - ," 5,775 ",,,,
, 객실수 ," 8,437 "," 5,833 ", 957 , 511 , 990 , 146 ," 44,139 "," 40,467 "," 3,672 "," 10,082 ", 300 , - ," 62,958 ",,,,
"2019년
(12.31기준)", 업체수 , 689 , 282 , 11 , 64 , 282 , 50 ," 1,837 "," 1,644 ", 193 ," 3,234 ", 8 , - ," 5,768 ",,,,
, 객실수 ," 9,881 "," 6,696 "," 1,487 ", 540 , 980 , 178 ," 44,069 "," 39,773 "," 4,296 "," 10,007 ", 287 , - ," 64,244 ",,,,
"2020년
(12.31.기준)", 업체수 , 707 , 290 , 12 , 66 , 285 , 54 ," 1,951 "," 1,626 ", 325 ," 3,219 ", 9 , - ," 5,886 ",,,,
, 객실수 ," 10,381 "," 6,998 "," 1,641 ", 558 ," 1,004 ", 180 ," 46,752 "," 39,844 "," 6,908 "," 10,093 ", 271 , - ," 67,497 ",,,,
"2021년
(12.31.기준)", 업체수 , 772 , 330 , 12 , 94 , 300 , 36 ," 1,885 "," 1,565 ", 320 ," 3,118 ", 9 , - ," 5,784 ",,,,
, 객실수 ," 10,680 "," 7,303 "," 1,651 ", 657 , 930 , 139 ," 47,494 "," 39,557 "," 7,937 "," 9,594 ", 595 , - ," 68,314 ",,,,
 (경상북도) ,,,,,,,,,,,,,,,,,,
 구분 ,, 관광진흥법 ,,,,,, 공중위생법 ,,, 농어촌정비법 , 청소년활동진흥법 , 제주특별법 , 계 ,,,,
,, 소계 , 호텔업 , 휴양콘도미니엄업 , 관광펜션업 , 한옥체험업 , 외국인도시민박업 , 계 , 일반숙박업 , 생활숙박업 , 농어촌민박업 , 유스호스텔 , 휴양펜션업 ,,,,,
" 2012년
(12.31기준) ", 업체수 , 211 , 51 , 16 , 37 , 103 , 4 ," 2,241 "," 2,179 ", 62 ," 1,521 ", 13 , - ," 3,986 ",,,,
, 객실수 ," 8,281 "," 4,582 "," 2,930 ", 234 , 520 , 15 ," 50,748 "," 48,849 "," 1,899 "," 5,495 "," 6,032 ", - ," 70,556 ",,,,
" 2013년
(12.31기준) ", 업체수 , 273 , 51 , 16 , 47 , 149 , 10 ," 2,165 "," 2,095 ", 70 ," 1,688 ", 13 , - ," 4,139 ",,,,
, 객실수 ," 8,523 "," 4,553 "," 2,930 ", 323 , 678 , 39 ," 48,960 "," 46,942 "," 2,018 "," 6,120 "," 6,032 ", - ," 69,635 ",,,,
" 2014년
(12.31기준) ", 업체수 , 322 , 50 , 16 , 55 , 189 , 12 ," 2,228 "," 2,150 ", 78 ," 1,877 ", 13 , - ," 4,440 ",,,,
, 객실수 ," 8,669 "," 4,400 "," 2,931 ", 380 , 937 , 21 ," 50,964 "," 48,511 "," 2,453 "," 6,754 "," 6,032 ", - ," 72,419 ",,,,
" 2015년
(12.31기준) ", 업체수 , 371 , 57 , 15 , 58 , 217 , 24 ," 2,302 "," 2,205 ", 97 ," 1,879 ", 12 , - ," 4,564 ",,,,
, 객실수 ," 9,090 "," 4,738 "," 2,866 ", 411 , 988 , 87 ," 52,557 "," 49,754 "," 2,803 "," 6,181 "," 5,282 ", - ," 73,110 ",,,,
"2016년
(12.31기준)", 업체수 , 504 , 60 , 13 , 60 , 341 , 30 ," 2,542 "," 2,436 ", 106 ," 2,183 ", 19 , - ," 5,248 ",,,,
, 객실수 ," 9,516 "," 4,550 "," 2,785 ", 484 ," 1,602 ", 95 ," 54,075 "," 51,944 "," 2,131 "," 7,626 "," 1,069 ", - ," 72,286 ",,,,
"2017년
(12.31기준)", 업체수 , 511 , 54 , 17 , 42 , 366 , 32 ," 2,572 "," 2,449 ", 123 ," 2,384 ", 14 , - ," 5,481 ",,,,
, 객실수 ," 9,749 "," 4,313 "," 3,159 ", 419 ," 1,759 ", 99 ," 55,613 "," 53,008 "," 2,605 "," 8,277 ", 719 , - ," 74,358 ",,,,
"2018년
(12.31.기준)", 업체수 , 546 , 66 , 15 , 43 , 381 , 41 ," 2,538 "," 2,390 ", 148 ," 2,225 ", 14 , - ," 5,323 ",,,,
, 객실수 ," 10,175 "," 4,567 "," 3,157 ", 461 ," 1,868 ", 122 ," 82,022 "," 77,725 "," 4,297 "," 7,613 "," 5,459 ", - ," 105,269 ",,,,
"2019년
(12.31기준)", 업체수 , 595 , 69 , 15 , 54 , 410 , 47 ," 2,473 "," 2,294 ", 179 ," 2,641 ", 14 , - ," 5,723 ",,,,
, 객실수 ," 10,357 "," 4,510 "," 3,161 ", 566 ," 1,986 ", 134 ," 58,108 "," 53,279 "," 4,829 "," 8,725 ", 694 , - ," 77,884 ",,,,
"2020년
(12.31.기준)", 업체수 , 619 , 75 , 15 , 62 , 412 , 55 ," 2,479 "," 2,278 ", 201 ," 2,802 ", 10 , - ," 5,910 ",,,,
, 객실수 ," 10,300 "," 4,343 "," 3,163 ", 580 ," 2,063 ", 151 ," 52,931 "," 49,234 "," 3,697 "," 9,919 ", 525 , - ," 73,675 ",,,,
"2021년
(12.31.기준)", 업체수 , 672 , 82 , 14 , 70 , 442 , 64 ," 2,517 "," 2,281 ", 236 ," 2,913 ", 10 , - ," 6,112 ",,,,
, 객실수 ," 10,311 "," 4,338 "," 3,106 ", 674 ," 2,029 ", 164 ," 54,477 "," 50,610 "," 3,867 "," 9,136 ", 559 , - ," 74,961 ",,,,
 (경상남도) ,,,,,,,,,,,,,,,,,,
 구분 ,, 관광진흥법 ,,,,,, 공중위생법 ,,, 농어촌정비법 , 청소년활동진흥법 , 제주특별법 , 계 ,,,,
,, 소계 , 호텔업 , 휴양콘도미니엄업 , 관광펜션업 , 한옥체험업 , 외국인도시민박업 , 계 , 일반숙박업 , 생활숙박업 , 농어촌민박업 , 유스호스텔 , 휴양펜션업 ,,,,,
" 2012년
(12.31기준) ", 업체수 , 140 , 50 , 8 , 44 , 37 , 1 ," 1,883 "," 1,791 ", 92 ," 2,510 ", 10 , - ," 4,543 ",,,,
, 객실수 ," 5,651 "," 3,832 "," 1,338 ", 272 , 208 , 1 ," 38,788 "," 36,253 "," 2,535 "," 9,021 ", 367 , - ," 53,827 ",,,,
" 2013년
(12.31기준) ", 업체수 , 169 , 54 , 12 , 49 , 48 , 6 ," 1,891 "," 1,779 ", 112 ," 2,718 ", 10 , - ," 4,788 ",,,,
, 객실수 ," 6,317 "," 3,814 "," 1,949 ", 306 , 217 , 31 ," 40,156 "," 36,673 "," 3,483 "," 9,772 ", 367 , - ," 56,612 ",,,,
" 2014년
(12.31기준) ", 업체수 , 186 , 58 , 12 , 54 , 53 , 9 ," 1,976 "," 1,842 ", 134 ," 3,061 ", 7 , - ," 5,230 ",,,,
, 객실수 ," 6,655 "," 4,055 "," 1,940 ", 352 , 268 , 40 ," 41,673 "," 37,872 "," 3,801 "," 10,927 ", 166 , - ," 59,421 ",,,,
" 2015년
(12.31기준) ", 업체수 , 217 , 70 , 14 , 57 , 54 , 22 ," 2,065 "," 1,897 ", 168 ," 3,211 ", 10 , - ," 5,503 ",,,,
, 객실수 ," 7,333 "," 4,387 "," 2,215 ", 377 , 270 , 84 ," 43,431 "," 38,740 "," 4,691 "," 11,780 ", 317 , - ," 62,861 ",,,,
"2016년
(12.31기준)", 업체수 , 242 , 73 , 15 , 62 , 60 , 32 ," 2,945 "," 2,673 ", 272 ," 3,417 ", 12 , - ," 6,616 ",,,,
, 객실수 ," 7,448 "," 4,383 "," 2,247 ", 397 , 317 , 104 ," 62,865 "," 56,717 "," 6,148 "," 12,138 "," 1,456 ", - ," 83,907 ",,,,
"2017년
(12.31기준)", 업체수 , 279 , 89 , 15 , 69 , 62 , 44 ," 2,906 "," 2,640 ", 266 ," 3,492 ", 11 , - ," 6,688 ",,,,
, 객실수 ," 8,153 "," 4,896 "," 2,372 ", 425 , 322 , 138 ," 62,123 "," 55,859 "," 6,264 "," 12,317 ", 354 , - ," 82,947 ",,,,
"2018년
(12.31.기준)",  업체수  , 295 , 94 , 16 , 78 , 57 , 50 ," 2,881 "," 2,599 ", 282 ," 3,649 ", 11 , - ," 6,836 ",,,,
,  객실수  ," 8,835 "," 5,135 "," 2,786 ", 474 , 296 , 144 ," 60,836 "," 55,571 "," 5,265 "," 12,490 ", 385 , - ," 82,546 ",,,,
"2019년
(12.31기준)", 업체수 , 310 , 100 , 17 , 85 , 62 , 46 ," 2,791 "," 2,496 ", 295 ," 3,494 ", 12 , - ," 6,607 ",,,,
, 객실수 ," 8,992 "," 5,216 "," 2,846 ", 500 , 325 , 105 ," 63,410 "," 57,299 "," 6,111 "," 12,609 ", 402 , - ," 85,413 ",,,,
"2020년
(12.31.기준)", 업체수 , 342 , 111 , 17 , 94 , 63 , 57 ," 2,544 "," 2,244 ", 300 ," 3,076 ", 13 , - ," 5,975 ",,,,
, 객실수 ," 11,851 "," 8,208 "," 2,854 ", 496 , 350 , 147 ," 60,250 "," 52,282 "," 7,968 "," 10,693 ", 499 , - ," 83,293 ",,,,
"2021년
(12.31.기준)", 업체수 , 392 , 150 , 21 , 97 , 66 , 58 ," 2,927 "," 2,551 ", 376 ," 3,626 ", 9 , - ," 6,954 ",,,,
, 객실수 ," 12,327 "," 7,867 "," 3,436 ", 566 , 314 , 144 ," 67,443 "," 58,233 "," 9,210 "," 10,617 ", 287 , - ," 90,674 ",,,,
 (제주도) ,,,,,,,,,,,,,,,,,,
 구분 ,, 관광진흥법 ,,,,,, 공중위생법 ,,, 농어촌정비법 , 청소년활동진흥법 , 제주특별법 , 계 ,,,,
,, 소계 , 호텔업 , 휴양콘도미니엄업 , 관광펜션업 , 한옥체험업 , 외국인도시민박업 , 계 , 일반숙박업 , 생활숙박업 , 농어촌민박업 , 유스호스텔 , 휴양펜션업 ,,,,,
" 2012년
(12.31기준) ", 업체수 , 143 , 99 , 44 , - , - , - , 650 , 626 , 24 ," 1,068 ", - , 59 ," 1,920 ",,,,
, 객실수 ," 13,956 "," 8,495 "," 5,461 ", - , - , - ," 12,755 "," 12,411 ", 344 ," 3,695 ", - , 504 ," 30,910 ",,,,
" 2013년
(12.31기준) ", 업체수 , 191 , 146 , 45 ,, - , - , 677 , 643 , 34 ," 1,285 ", - , 79 ," 2,232 ",,,,
, 객실수 ," 16,265 "," 10,522 "," 5,743 ", - , - , - ," 13,363 "," 12,628 ", 735 ," 4,569 ", - , 676 ," 34,873 ",,,,
" 2014년
(12.31기준) ", 업체수 , 270 , 221 , 49 , - , - , - , 693 , 649 , 44 ," 1,827 ", - , 87 ," 2,877 ",,,,
, 객실수 ," 20,900 "," 14,558 "," 6,342 ", - , - , - ," 13,557 "," 12,705 ", 852 ," 6,312 ", - , 724 ," 41,493 ",,,,
" 2015년
(12.31기준) ", 업체수 , 337 , 282 , 55 , - , - , - , 712 , 654 , 58 ," 2,353 ", - , 90 ," 3,492 ",,,,
, 객실수 ," 25,345 "," 17,891 "," 7,454 ", - , - , - ," 15,977 "," 14,065 "," 1,912 "," 7,968 ", - , 801 ," 50,091 ",,,,
"2016년
(12.31기준)", 업체수 , 386 , 329 , 57 , - , - , - , 785 , 647 , 138 ," 2,851 ", - , 93 ," 4,115 ",,,,
, 객실수 ," 27,791 "," 20,157 "," 7,634 ", - , - , - ," 19,915 "," 15,748 "," 4,167 "," 9,565 ", - , 832 ," 58,103 ",,,,
"2017년
(12.31기준)", 업체수 , 407 , 347 , 60 , - , - , - , 830 , 658 , 172 ," 3,497 ", 19 , 98 ," 4,851 ",,,,
, 객실수 ," 31,497 "," 22,736 "," 8,761 ", - , - , - ," 25,224 "," 19,230 "," 5,994 "," 11,078 ", 766 , 876 ," 69,441 ",,,,
"2018년
(12.31.기준)", 업체수 , 416 , 356 , 60 ,  -  ,  -  ,  -  , 784 , 650 , 134 ," 3,865 ", 19 , 97 ," 5,181 ",,,,
, 객실수 ," 32,195 "," 23,326 "," 8,869 ",  -  ,  -  ,  -  ," 26,131 "," 20,498 "," 5,633 "," 11,809 ", 841 , 857 ," 71,833 ",,,,
"2019년
(12.31기준)", 업체수 , 524 , 359 , 61 , 104 , - , - , 816 , 653 , 163 ," 4,273 ", 19 , 104 ," 5,736 ",,,,
, 객실수 ," 33,889 "," 23,871 "," 9,105 ", 913 , - , - ," 26,872 "," 20,426 "," 6,446 "," 12,429 ", 917 , 913 ," 75,020 ",,,,
"2020년
(12.31.기준)", 업체수 , 422 , 363 , 59 , - , - , - , 835 , 649 , 186 ," 4,484 ", 19 , 108 ," 5,868 ",,,,
, 객실수 ," 29,228 "," 20,195 "," 9,033 ", - , - , - ," 27,419 "," 20,295 "," 7,124 "," 12,566 ", 917 , 932 ," 71,062 ",,,,
"2021년
(12.31.기준)", 업체수 , 423 , 362 , 60 , - , 1 , - , 866 , 647 , 219 ," 4,750 ", 17 , 110 ," 6,166 ",,,,
, 객실수 ," 33,665 "," 24,573 "," 9,089 ", - , 3 , - ," 29,165 "," 21,663 "," 7,502 "," 12,957 ", 804 , 942 ," 77,533 ",,,,
